owner,repo,repo_key,file_name,vulnerable_hash,raw_url,label,probability_vulnerability,pred_label_05
kubernetes,kubernetes,kubernetes/kubernetes,test/e2e_node/pods_api_test.go,0809c4f37fdca592d9a8efd5e189102ca1082697,https://github.com/kubernetes/kubernetes/raw/69167c14bd5a582823eec9c361c066780cfa01b0/test%2Fe2e_node%2Fpods_api_test.go,0,0.49493374370022036,0
kubernetes,kubernetes,kubernetes/kubernetes,test/e2e_node/util_kubeletconfig.go,bf1abbf2e987883ffacaaf6f84218bcbfd444876,https://github.com/kubernetes/kubernetes/raw/87924903db87b9c449cf9455efefef80cb15d439/test%2Fe2e_node%2Futil_kubeletconfig.go,0,0.406170368678193,0
kubernetes,kubernetes,kubernetes/kubernetes,pkg/storage/util.go,3bd855a342a1dc5583dcedc72b6b49f7b369cce7,https://github.com/kubernetes/kubernetes/raw/37f730f68c7f06e060f90714439bfb0dbb2df5e7/pkg%2Fstorage%2Futil.go,1,0.3970811007839923,0
kubernetes,kubernetes,kubernetes/kubernetes,pkg/storage/util.go,054b779cebfa8952abef41048a79ad0cfa3a43ec,https://github.com/kubernetes/kubernetes/raw/68f2add9bd5d43b9da1424d87d88f83d120e17d0/pkg%2Fstorage%2Futil.go,1,0.3970811007839923,0
kubernetes,kubernetes,kubernetes/kubernetes,pkg/credentialprovider/config_test.go,3a42886dee904cbbbbc593705a64501ec3cb76d5,https://github.com/kubernetes/kubernetes/raw/11793434dac97a49bfed0150b56ac63e5dc34634/pkg%2Fcredentialprovider%2Fconfig_test.go,1,0.3885013062471871,0
kubernetes,kubernetes,kubernetes/kubernetes,pkg/apis/core/types.go,58f1520a03cdb0cc88d7d1be59894c637d7c5537,https://github.com/kubernetes/kubernetes/raw/00d3cb1c5a7f1d6911247da8b4d6f26ca21a0e43/pkg%2Fapis%2Fcore%2Ftypes.go,0,0.37802876725084755,0
kubernetes,kubernetes,kubernetes/kubernetes,pkg/api/rest/create.go,054b779cebfa8952abef41048a79ad0cfa3a43ec,https://github.com/kubernetes/kubernetes/raw/68f2add9bd5d43b9da1424d87d88f83d120e17d0/pkg%2Fapi%2Frest%2Fcreate.go,1,0.3598446898991066,0
kubernetes,kubernetes,kubernetes/kubernetes,pkg/api/rest/create.go,3bd855a342a1dc5583dcedc72b6b49f7b369cce7,https://github.com/kubernetes/kubernetes/raw/37f730f68c7f06e060f90714439bfb0dbb2df5e7/pkg%2Fapi%2Frest%2Fcreate.go,1,0.3598446898991066,0
kubernetes,kubernetes,kubernetes/kubernetes,pkg/features/kube_features.go,e616858316df68aea76390062becc70957f24f66,https://github.com/kubernetes/kubernetes/raw/5fe148234f8ab1184f26069c4f7bef6c37efe347/pkg%2Ffeatures%2Fkube_features.go,1,0.3571166863548626,0
kubernetes,kubernetes,kubernetes/kubernetes,pkg/features/kube_features.go,a962fa5fc6cad031cc323e8ad74c72231d03e0d2,https://github.com/kubernetes/kubernetes/raw/45f4ccc2153bbb782253704cbe24c05e22b5d60c/pkg%2Ffeatures%2Fkube_features.go,1,0.3571166863548626,0
kubernetes,kubernetes,kubernetes/kubernetes,pkg/features/kube_features.go,86e25a07e279516eb13af436ca5706b1806ea604,https://github.com/kubernetes/kubernetes/raw/fb0187c2bf7061258bb89891edb1237261eb7abc/pkg%2Ffeatures%2Fkube_features.go,1,0.3571166863548626,0
kubernetes,kubernetes,kubernetes/kubernetes,pkg/features/kube_features.go,1043bf333c5f5d4e7e7ae0fda464ff99f2b9b7b6,https://github.com/kubernetes/kubernetes/raw/75c83a6871dc030675288c6d63c275a43c2f0d55/pkg%2Ffeatures%2Fkube_features.go,1,0.3571166863548626,0
kubernetes,kubernetes,kubernetes/kubernetes,pkg/credentialprovider/config.go,3a42886dee904cbbbbc593705a64501ec3cb76d5,https://github.com/kubernetes/kubernetes/raw/11793434dac97a49bfed0150b56ac63e5dc34634/pkg%2Fcredentialprovider%2Fconfig.go,1,0.3522054214329354,0
kubernetes,kubernetes,kubernetes/kubernetes,pkg/kubelet/subscription/interfaces.go,0809c4f37fdca592d9a8efd5e189102ca1082697,https://github.com/kubernetes/kubernetes/raw/69167c14bd5a582823eec9c361c066780cfa01b0/pkg%2Fkubelet%2Fsubscription%2Finterfaces.go,0,0.3488712346023021,0
kubernetes,kubernetes,kubernetes/kubernetes,test/e2e_node/static_pod_test.go,158b69d2234f2b07ba7b6c5e182fa9df417bdf73,https://github.com/kubernetes/kubernetes/raw/ca5c40e58a9a44bec8cc021cd4aefe797a199c47/test%2Fe2e_node%2Fstatic_pod_test.go,0,0.3298038805500984,0
kubernetes,kubernetes,kubernetes/kubernetes,pkg/util/mount/mount_windows.go,dc0afb24d138220cb53d9be3298f1539b0be4f7a,https://github.com/kubernetes/kubernetes/raw/d65039c56ce4de5f2efdc38aa1284eeb95f89169/pkg%2Futil%2Fmount%2Fmount_windows.go,1,0.3258756827288789,0
kubernetes,kubernetes,kubernetes/kubernetes,test/e2e_node/standalone_test.go,158b69d2234f2b07ba7b6c5e182fa9df417bdf73,https://github.com/kubernetes/kubernetes/raw/ca5c40e58a9a44bec8cc021cd4aefe797a199c47/test%2Fe2e_node%2Fstandalone_test.go,0,0.3234126996112195,0
kubernetes,kubernetes,kubernetes/kubernetes,pkg/api/validation/name.go,054b779cebfa8952abef41048a79ad0cfa3a43ec,https://github.com/kubernetes/kubernetes/raw/68f2add9bd5d43b9da1424d87d88f83d120e17d0/pkg%2Fapi%2Fvalidation%2Fname.go,1,0.3222940211846392,0
kubernetes,kubernetes,kubernetes/kubernetes,pkg/api/validation/name.go,3bd855a342a1dc5583dcedc72b6b49f7b369cce7,https://github.com/kubernetes/kubernetes/raw/37f730f68c7f06e060f90714439bfb0dbb2df5e7/pkg%2Fapi%2Fvalidation%2Fname.go,1,0.3222940211846392,0
kubernetes,kubernetes,kubernetes/kubernetes,test/integration/scheduler/podgroup/podgroup_test.go,757cdd011533566b4947c0c49e764f35bad3dc12,https://github.com/kubernetes/kubernetes/raw/e70704a43a5d5c4d1cca9c5afb79c2960b413f35/test%2Fintegration%2Fscheduler%2Fpodgroup%2Fpodgroup_test.go,0,0.3131930531635839,0
kubernetes,kubernetes,kubernetes/kubernetes,pkg/kubelet/apis/config/types.go,a962fa5fc6cad031cc323e8ad74c72231d03e0d2,https://github.com/kubernetes/kubernetes/raw/45f4ccc2153bbb782253704cbe24c05e22b5d60c/pkg%2Fkubelet%2Fapis%2Fconfig%2Ftypes.go,1,0.31214760341981346,0
kubernetes,kubernetes,kubernetes/kubernetes,pkg/kubelet/apis/config/types.go,e616858316df68aea76390062becc70957f24f66,https://github.com/kubernetes/kubernetes/raw/5fe148234f8ab1184f26069c4f7bef6c37efe347/pkg%2Fkubelet%2Fapis%2Fconfig%2Ftypes.go,1,0.31214760341981346,0
kubernetes,kubernetes,kubernetes/kubernetes,pkg/kubelet/apis/config/types.go,1043bf333c5f5d4e7e7ae0fda464ff99f2b9b7b6,https://github.com/kubernetes/kubernetes/raw/75c83a6871dc030675288c6d63c275a43c2f0d55/pkg%2Fkubelet%2Fapis%2Fconfig%2Ftypes.go,1,0.31214760341981346,0
kubernetes,kubernetes,kubernetes/kubernetes,pkg/kubelet/apis/config/types.go,86e25a07e279516eb13af436ca5706b1806ea604,https://github.com/kubernetes/kubernetes/raw/fb0187c2bf7061258bb89891edb1237261eb7abc/pkg%2Fkubelet%2Fapis%2Fconfig%2Ftypes.go,1,0.31214760341981346,0
kubernetes,kubernetes,kubernetes/kubernetes,pkg/api/validation/name_test.go,3bd855a342a1dc5583dcedc72b6b49f7b369cce7,https://github.com/kubernetes/kubernetes/raw/37f730f68c7f06e060f90714439bfb0dbb2df5e7/pkg%2Fapi%2Fvalidation%2Fname_test.go,1,0.3082215497939271,0
kubernetes,kubernetes,kubernetes/kubernetes,pkg/api/validation/name_test.go,054b779cebfa8952abef41048a79ad0cfa3a43ec,https://github.com/kubernetes/kubernetes/raw/68f2add9bd5d43b9da1424d87d88f83d120e17d0/pkg%2Fapi%2Fvalidation%2Fname_test.go,1,0.3082215497939271,0
kubernetes,kubernetes,kubernetes/kubernetes,cmd/kube-controller-manager/app/scheduling.go,47751d94acf19f19283ab956d2b21ccc2ce8dae2,https://github.com/kubernetes/kubernetes/raw/1b5bcf309cc382a94905f69edb40ece37ce077b4/cmd%2Fkube-controller-manager%2Fapp%2Fscheduling.go,0,0.30445488255370456,0
kubernetes,kubernetes,kubernetes/kubernetes,pkg/scheduler/schedule_one_podgroup.go,757cdd011533566b4947c0c49e764f35bad3dc12,https://github.com/kubernetes/kubernetes/raw/e70704a43a5d5c4d1cca9c5afb79c2960b413f35/pkg%2Fscheduler%2Fschedule_one_podgroup.go,0,0.30149306484580035,0
kubernetes,kubernetes,kubernetes/kubernetes,pkg/kubelet/apis/pods/server_unit_test.go,0809c4f37fdca592d9a8efd5e189102ca1082697,https://github.com/kubernetes/kubernetes/raw/69167c14bd5a582823eec9c361c066780cfa01b0/pkg%2Fkubelet%2Fapis%2Fpods%2Fserver_unit_test.go,0,0.3013585600097921,0
kubernetes,kubernetes,kubernetes/kubernetes,pkg/kubelet/status/status_manager.go,0809c4f37fdca592d9a8efd5e189102ca1082697,https://github.com/kubernetes/kubernetes/raw/69167c14bd5a582823eec9c361c066780cfa01b0/pkg%2Fkubelet%2Fstatus%2Fstatus_manager.go,0,0.30079786161350974,0
kubernetes,kubernetes,kubernetes/kubernetes,test/e2e_node/image_credential_pulls.go,bf1abbf2e987883ffacaaf6f84218bcbfd444876,https://github.com/kubernetes/kubernetes/raw/87924903db87b9c449cf9455efefef80cb15d439/test%2Fe2e_node%2Fimage_credential_pulls.go,0,0.30022629530341133,0
kubernetes,kubernetes,kubernetes/kubernetes,staging/src/k8s.io/kubelet/config/v1beta1/types.go,a962fa5fc6cad031cc323e8ad74c72231d03e0d2,https://github.com/kubernetes/kubernetes/raw/45f4ccc2153bbb782253704cbe24c05e22b5d60c/staging%2Fsrc%2Fk8s.io%2Fkubelet%2Fconfig%2Fv1beta1%2Ftypes.go,1,0.2960602275127744,0
kubernetes,kubernetes,kubernetes/kubernetes,staging/src/k8s.io/kubelet/config/v1beta1/types.go,e616858316df68aea76390062becc70957f24f66,https://github.com/kubernetes/kubernetes/raw/5fe148234f8ab1184f26069c4f7bef6c37efe347/staging%2Fsrc%2Fk8s.io%2Fkubelet%2Fconfig%2Fv1beta1%2Ftypes.go,1,0.2960602275127744,0
kubernetes,kubernetes,kubernetes/kubernetes,staging/src/k8s.io/kubelet/config/v1beta1/types.go,1043bf333c5f5d4e7e7ae0fda464ff99f2b9b7b6,https://github.com/kubernetes/kubernetes/raw/75c83a6871dc030675288c6d63c275a43c2f0d55/staging%2Fsrc%2Fk8s.io%2Fkubelet%2Fconfig%2Fv1beta1%2Ftypes.go,1,0.2960602275127744,0
kubernetes,kubernetes,kubernetes/kubernetes,staging/src/k8s.io/kubelet/config/v1beta1/types.go,86e25a07e279516eb13af436ca5706b1806ea604,https://github.com/kubernetes/kubernetes/raw/fb0187c2bf7061258bb89891edb1237261eb7abc/staging%2Fsrc%2Fk8s.io%2Fkubelet%2Fconfig%2Fv1beta1%2Ftypes.go,1,0.2960602275127744,0
kubernetes,kubernetes,kubernetes/kubernetes,cmd/kube-controller-manager/app/scheduling_test.go,47751d94acf19f19283ab956d2b21ccc2ce8dae2,https://github.com/kubernetes/kubernetes/raw/1b5bcf309cc382a94905f69edb40ece37ce077b4/cmd%2Fkube-controller-manager%2Fapp%2Fscheduling_test.go,0,0.2956888745715603,0
kubernetes,kubernetes,kubernetes/kubernetes,pkg/kubelet/pod_workers.go,0809c4f37fdca592d9a8efd5e189102ca1082697,https://github.com/kubernetes/kubernetes/raw/69167c14bd5a582823eec9c361c066780cfa01b0/pkg%2Fkubelet%2Fpod_workers.go,0,0.2922123011158947,0
kubernetes,kubernetes,kubernetes/kubernetes,pkg/registry/persistentvolume/etcd/etcd.go,3bd855a342a1dc5583dcedc72b6b49f7b369cce7,https://github.com/kubernetes/kubernetes/raw/37f730f68c7f06e060f90714439bfb0dbb2df5e7/pkg%2Fregistry%2Fpersistentvolume%2Fetcd%2Fetcd.go,1,0.2902590496443043,0
kubernetes,kubernetes,kubernetes/kubernetes,pkg/registry/persistentvolume/etcd/etcd.go,054b779cebfa8952abef41048a79ad0cfa3a43ec,https://github.com/kubernetes/kubernetes/raw/68f2add9bd5d43b9da1424d87d88f83d120e17d0/pkg%2Fregistry%2Fpersistentvolume%2Fetcd%2Fetcd.go,1,0.2902590496443043,0
kubernetes,kubernetes,kubernetes/kubernetes,pkg/kubelet/images/pullmanager/image_pull_policies.go,bf1abbf2e987883ffacaaf6f84218bcbfd444876,https://github.com/kubernetes/kubernetes/raw/87924903db87b9c449cf9455efefef80cb15d439/pkg%2Fkubelet%2Fimages%2Fpullmanager%2Fimage_pull_policies.go,0,0.28866076650145556,0
kubernetes,kubernetes,kubernetes/kubernetes,pkg/kubelet/kubelet.go,0809c4f37fdca592d9a8efd5e189102ca1082697,https://github.com/kubernetes/kubernetes/raw/69167c14bd5a582823eec9c361c066780cfa01b0/pkg%2Fkubelet%2Fkubelet.go,0,0.28821279067996936,0
kubernetes,kubernetes,kubernetes/kubernetes,pkg/api/rest/resttest/resttest.go,3bd855a342a1dc5583dcedc72b6b49f7b369cce7,https://github.com/kubernetes/kubernetes/raw/37f730f68c7f06e060f90714439bfb0dbb2df5e7/pkg%2Fapi%2Frest%2Fresttest%2Fresttest.go,1,0.2867049159835558,0
kubernetes,kubernetes,kubernetes/kubernetes,pkg/api/rest/resttest/resttest.go,054b779cebfa8952abef41048a79ad0cfa3a43ec,https://github.com/kubernetes/kubernetes/raw/68f2add9bd5d43b9da1424d87d88f83d120e17d0/pkg%2Fapi%2Frest%2Fresttest%2Fresttest.go,1,0.2867049159835558,0
kubernetes,kubernetes,kubernetes/kubernetes,pkg/kubelet/apis/pods/server.go,0809c4f37fdca592d9a8efd5e189102ca1082697,https://github.com/kubernetes/kubernetes/raw/69167c14bd5a582823eec9c361c066780cfa01b0/pkg%2Fkubelet%2Fapis%2Fpods%2Fserver.go,0,0.2844691121314648,0
kubernetes,kubernetes,kubernetes/kubernetes,pkg/scheduler/testing/wrappers.go,757cdd011533566b4947c0c49e764f35bad3dc12,https://github.com/kubernetes/kubernetes/raw/e70704a43a5d5c4d1cca9c5afb79c2960b413f35/pkg%2Fscheduler%2Ftesting%2Fwrappers.go,0,0.28257824792954245,0
kubernetes,kubernetes,kubernetes/kubernetes,pkg/registry/generic/etcd/etcd.go,054b779cebfa8952abef41048a79ad0cfa3a43ec,https://github.com/kubernetes/kubernetes/raw/68f2add9bd5d43b9da1424d87d88f83d120e17d0/pkg%2Fregistry%2Fgeneric%2Fetcd%2Fetcd.go,1,0.28193766119938085,0
kubernetes,kubernetes,kubernetes/kubernetes,pkg/registry/generic/etcd/etcd.go,3bd855a342a1dc5583dcedc72b6b49f7b369cce7,https://github.com/kubernetes/kubernetes/raw/37f730f68c7f06e060f90714439bfb0dbb2df5e7/pkg%2Fregistry%2Fgeneric%2Fetcd%2Fetcd.go,1,0.28193766119938085,0
kubernetes,kubernetes,kubernetes/kubernetes,staging/src/k8s.io/component-helpers/nodedeclaredfeatures/features/inplacepodresize/nonsidecar_initcontainers_resize_test.go,fa50e63b810dd85ca80ef71a7623aff34ec90779,https://github.com/kubernetes/kubernetes/raw/2d205b9556165c4ce75a65f0b563f0780c99d591/staging%2Fsrc%2Fk8s.io%2Fcomponent-helpers%2Fnodedeclaredfeatures%2Ffeatures%2Finplacepodresize%2Fnonsidecar_initcontainers_resize_test.go,0,0.28148418805284975,0
kubernetes,kubernetes,kubernetes/kubernetes,pkg/kubelet/server/server_test.go,6a92f1944446a0c8067839e60ac3f2eaefdef502,https://github.com/kubernetes/kubernetes/raw/9802bfcec0580169cffce2a3d468689a407fa7dc/pkg%2Fkubelet%2Fserver%2Fserver_test.go,1,0.2808385294977327,0
kubernetes,kubernetes,kubernetes/kubernetes,staging/src/k8s.io/component-helpers/nodedeclaredfeatures/features/inplacepodresize/nonsidecar_initcontainers_resize.go,fa50e63b810dd85ca80ef71a7623aff34ec90779,https://github.com/kubernetes/kubernetes/raw/2d205b9556165c4ce75a65f0b563f0780c99d591/staging%2Fsrc%2Fk8s.io%2Fcomponent-helpers%2Fnodedeclaredfeatures%2Ffeatures%2Finplacepodresize%2Fnonsidecar_initcontainers_resize.go,0,0.2798064976593804,0
kubernetes,kubernetes,kubernetes/kubernetes,pkg/kubelet/images/pullmanager/image_pull_manager.go,bf1abbf2e987883ffacaaf6f84218bcbfd444876,https://github.com/kubernetes/kubernetes/raw/87924903db87b9c449cf9455efefef80cb15d439/pkg%2Fkubelet%2Fimages%2Fpullmanager%2Fimage_pull_manager.go,0,0.2784229400356921,0
kubernetes,kubernetes,kubernetes/kubernetes,pkg/scheduler/testing/framework/framework_helpers.go,757cdd011533566b4947c0c49e764f35bad3dc12,https://github.com/kubernetes/kubernetes/raw/e70704a43a5d5c4d1cca9c5afb79c2960b413f35/pkg%2Fscheduler%2Ftesting%2Fframework%2Fframework_helpers.go,0,0.2775858853541672,0
kubernetes,kubernetes,kubernetes/kubernetes,test/integration/scheduler/podgroup/admission/admission_test.go,1132a4e4efd80d50b9ef17e1ec479c2d73979f25,https://github.com/kubernetes/kubernetes/raw/cf5ba01d1353a138053955e6d8f3ce079b4afee0/test%2Fintegration%2Fscheduler%2Fpodgroup%2Fadmission%2Fadmission_test.go,0,0.27727264738426033,0
kubernetes,kubernetes,kubernetes/kubernetes,plugin/pkg/admission/podgroup/admission.go,1132a4e4efd80d50b9ef17e1ec479c2d73979f25,https://github.com/kubernetes/kubernetes/raw/cf5ba01d1353a138053955e6d8f3ce079b4afee0/plugin%2Fpkg%2Fadmission%2Fpodgroup%2Fadmission.go,0,0.27614350923715947,0
kubernetes,kubernetes,kubernetes/kubernetes,plugin/pkg/admission/podgroup/admission_test.go,1132a4e4efd80d50b9ef17e1ec479c2d73979f25,https://github.com/kubernetes/kubernetes/raw/cf5ba01d1353a138053955e6d8f3ce079b4afee0/plugin%2Fpkg%2Fadmission%2Fpodgroup%2Fadmission_test.go,0,0.2743187801489564,0
kubernetes,kubernetes,kubernetes/kubernetes,staging/src/k8s.io/kubectl/pkg/describe/describe_test.go,90f50488c7b1ab810dd98061d196568e61c47adb,https://github.com/kubernetes/kubernetes/raw/dad0e937c0f76344363eb691b2668490ffef8537/staging%2Fsrc%2Fk8s.io%2Fkubectl%2Fpkg%2Fdescribe%2Fdescribe_test.go,1,0.2739219695652968,0
kubernetes,kubernetes,kubernetes/kubernetes,staging/src/k8s.io/api/core/v1/types.go,58f1520a03cdb0cc88d7d1be59894c637d7c5537,https://github.com/kubernetes/kubernetes/raw/00d3cb1c5a7f1d6911247da8b4d6f26ca21a0e43/staging%2Fsrc%2Fk8s.io%2Fapi%2Fcore%2Fv1%2Ftypes.go,0,0.2726464181085252,0
kubernetes,kubernetes,kubernetes/kubernetes,staging/src/k8s.io/code-generator/cmd/validation-gen/output_tests/tags/zerooroneof/zerooroneof/simple/doc_test.go,c9e18abca5e3efc7b9f3410e2dad983625dfd926,https://github.com/kubernetes/kubernetes/raw/39e99b2a2c280ff4d7cbfa490ebf97703fdef005/staging%2Fsrc%2Fk8s.io%2Fcode-generator%2Fcmd%2Fvalidation-gen%2Foutput_tests%2Ftags%2Fzerooroneof%2Fzerooroneof%2Fsimple%2Fdoc_test.go,0,0.2726062300956585,0
kubernetes,kubernetes,kubernetes/kubernetes,staging/src/k8s.io/code-generator/cmd/validation-gen/output_tests/tags/union/union/undiscriminated/simple/doc_test.go,c9e18abca5e3efc7b9f3410e2dad983625dfd926,https://github.com/kubernetes/kubernetes/raw/39e99b2a2c280ff4d7cbfa490ebf97703fdef005/staging%2Fsrc%2Fk8s.io%2Fcode-generator%2Fcmd%2Fvalidation-gen%2Foutput_tests%2Ftags%2Funion%2Funion%2Fundiscriminated%2Fsimple%2Fdoc_test.go,0,0.2726062300956585,0
kubernetes,kubernetes,kubernetes/kubernetes,staging/src/k8s.io/code-generator/cmd/validation-gen/output_tests/tags/union/union/discriminated/simple/doc_test.go,c9e18abca5e3efc7b9f3410e2dad983625dfd926,https://github.com/kubernetes/kubernetes/raw/39e99b2a2c280ff4d7cbfa490ebf97703fdef005/staging%2Fsrc%2Fk8s.io%2Fcode-generator%2Fcmd%2Fvalidation-gen%2Foutput_tests%2Ftags%2Funion%2Funion%2Fdiscriminated%2Fsimple%2Fdoc_test.go,0,0.2726062300956585,0
kubernetes,kubernetes,kubernetes/kubernetes,pkg/kubelet/kubelet_server_journal_linux.go,86e25a07e279516eb13af436ca5706b1806ea604,https://github.com/kubernetes/kubernetes/raw/fb0187c2bf7061258bb89891edb1237261eb7abc/pkg%2Fkubelet%2Fkubelet_server_journal_linux.go,1,0.27246654391416497,0
kubernetes,kubernetes,kubernetes/kubernetes,pkg/kubelet/kubelet_server_journal_linux.go,1043bf333c5f5d4e7e7ae0fda464ff99f2b9b7b6,https://github.com/kubernetes/kubernetes/raw/75c83a6871dc030675288c6d63c275a43c2f0d55/pkg%2Fkubelet%2Fkubelet_server_journal_linux.go,1,0.27246654391416497,0
kubernetes,kubernetes,kubernetes/kubernetes,pkg/kubelet/kubelet_server_journal_linux.go,a962fa5fc6cad031cc323e8ad74c72231d03e0d2,https://github.com/kubernetes/kubernetes/raw/45f4ccc2153bbb782253704cbe24c05e22b5d60c/pkg%2Fkubelet%2Fkubelet_server_journal_linux.go,1,0.27246654391416497,0
kubernetes,kubernetes,kubernetes/kubernetes,pkg/kubelet/kubelet_server_journal_linux.go,e616858316df68aea76390062becc70957f24f66,https://github.com/kubernetes/kubernetes/raw/5fe148234f8ab1184f26069c4f7bef6c37efe347/pkg%2Fkubelet%2Fkubelet_server_journal_linux.go,1,0.27246654391416497,0
kubernetes,kubernetes,kubernetes/kubernetes,pkg/scheduler/framework/plugins/dynamicresources/dynamicresources.go,0f815fd0e5aaa7f55fbdce530ed00cd890aa47f7,https://github.com/kubernetes/kubernetes/raw/af186d35343f45c2031b38107f8ff3c92dd348ca/pkg%2Fscheduler%2Fframework%2Fplugins%2Fdynamicresources%2Fdynamicresources.go,0,0.2718730547303787,0
kubernetes,kubernetes,kubernetes/kubernetes,pkg/kubelet/kubelet_server_journal_test.go,e616858316df68aea76390062becc70957f24f66,https://github.com/kubernetes/kubernetes/raw/5fe148234f8ab1184f26069c4f7bef6c37efe347/pkg%2Fkubelet%2Fkubelet_server_journal_test.go,1,0.27170641682856117,0
kubernetes,kubernetes,kubernetes/kubernetes,pkg/kubelet/kubelet_server_journal_test.go,a962fa5fc6cad031cc323e8ad74c72231d03e0d2,https://github.com/kubernetes/kubernetes/raw/45f4ccc2153bbb782253704cbe24c05e22b5d60c/pkg%2Fkubelet%2Fkubelet_server_journal_test.go,1,0.27170641682856117,0
kubernetes,kubernetes,kubernetes/kubernetes,pkg/kubelet/kubelet_server_journal_test.go,1043bf333c5f5d4e7e7ae0fda464ff99f2b9b7b6,https://github.com/kubernetes/kubernetes/raw/75c83a6871dc030675288c6d63c275a43c2f0d55/pkg%2Fkubelet%2Fkubelet_server_journal_test.go,1,0.27170641682856117,0
kubernetes,kubernetes,kubernetes/kubernetes,pkg/kubelet/kubelet_server_journal_test.go,86e25a07e279516eb13af436ca5706b1806ea604,https://github.com/kubernetes/kubernetes/raw/fb0187c2bf7061258bb89891edb1237261eb7abc/pkg%2Fkubelet%2Fkubelet_server_journal_test.go,1,0.27170641682856117,0
kubernetes,kubernetes,kubernetes/kubernetes,pkg/kubectl/cmd/cp/cp_test.go,7fbfe70147f963bc1fd2b0376d7efc116cc757a8,https://github.com/kubernetes/kubernetes/raw/47063891dd782835170f500a83f37cc98c3c1013/pkg%2Fkubectl%2Fcmd%2Fcp%2Fcp_test.go,1,0.27143055487057904,0
kubernetes,kubernetes,kubernetes/kubernetes,test/integration/scheduler/queueing/queue.go,1132a4e4efd80d50b9ef17e1ec479c2d73979f25,https://github.com/kubernetes/kubernetes/raw/cf5ba01d1353a138053955e6d8f3ce079b4afee0/test%2Fintegration%2Fscheduler%2Fqueueing%2Fqueue.go,0,0.26843918057770066,0
kubernetes,kubernetes,kubernetes/kubernetes,pkg/kubelet/apis/pods/server_unit_test.go,433ae3363f25f0cca298a8eef8201630e459da92,https://github.com/kubernetes/kubernetes/raw/960c317df453b59730f2cb241df43b8aed956e60/pkg%2Fkubelet%2Fapis%2Fpods%2Fserver_unit_test.go,0,0.266725068582269,0
kubernetes,kubernetes,kubernetes/kubernetes,pkg/kubelet/kubelet_server_journal_windows.go,86e25a07e279516eb13af436ca5706b1806ea604,https://github.com/kubernetes/kubernetes/raw/fb0187c2bf7061258bb89891edb1237261eb7abc/pkg%2Fkubelet%2Fkubelet_server_journal_windows.go,1,0.26584362500622943,0
kubernetes,kubernetes,kubernetes/kubernetes,pkg/kubelet/kubelet_server_journal_windows.go,1043bf333c5f5d4e7e7ae0fda464ff99f2b9b7b6,https://github.com/kubernetes/kubernetes/raw/75c83a6871dc030675288c6d63c275a43c2f0d55/pkg%2Fkubelet%2Fkubelet_server_journal_windows.go,1,0.26584362500622943,0
kubernetes,kubernetes,kubernetes/kubernetes,pkg/kubelet/kubelet_server_journal_windows.go,e616858316df68aea76390062becc70957f24f66,https://github.com/kubernetes/kubernetes/raw/5fe148234f8ab1184f26069c4f7bef6c37efe347/pkg%2Fkubelet%2Fkubelet_server_journal_windows.go,1,0.26584362500622943,0
kubernetes,kubernetes,kubernetes/kubernetes,pkg/kubelet/kubelet_server_journal_windows.go,a962fa5fc6cad031cc323e8ad74c72231d03e0d2,https://github.com/kubernetes/kubernetes/raw/45f4ccc2153bbb782253704cbe24c05e22b5d60c/pkg%2Fkubelet%2Fkubelet_server_journal_windows.go,1,0.26584362500622943,0
kubernetes,kubernetes,kubernetes/kubernetes,staging/src/k8s.io/kubectl/pkg/describe/describe.go,90f50488c7b1ab810dd98061d196568e61c47adb,https://github.com/kubernetes/kubernetes/raw/dad0e937c0f76344363eb691b2668490ffef8537/staging%2Fsrc%2Fk8s.io%2Fkubectl%2Fpkg%2Fdescribe%2Fdescribe.go,1,0.26564438390562417,0
kubernetes,kubernetes,kubernetes/kubernetes,pkg/generated/openapi/zz_generated.openapi.go,86e25a07e279516eb13af436ca5706b1806ea604,https://github.com/kubernetes/kubernetes/raw/fb0187c2bf7061258bb89891edb1237261eb7abc/pkg%2Fgenerated%2Fopenapi%2Fzz_generated.openapi.go,1,0.26507995563375,0
kubernetes,kubernetes,kubernetes/kubernetes,pkg/generated/openapi/zz_generated.openapi.go,1043bf333c5f5d4e7e7ae0fda464ff99f2b9b7b6,https://github.com/kubernetes/kubernetes/raw/75c83a6871dc030675288c6d63c275a43c2f0d55/pkg%2Fgenerated%2Fopenapi%2Fzz_generated.openapi.go,1,0.26507995563375,0
kubernetes,kubernetes,kubernetes/kubernetes,pkg/generated/openapi/zz_generated.openapi.go,e616858316df68aea76390062becc70957f24f66,https://github.com/kubernetes/kubernetes/raw/5fe148234f8ab1184f26069c4f7bef6c37efe347/pkg%2Fgenerated%2Fopenapi%2Fzz_generated.openapi.go,1,0.26507995563375,0
kubernetes,kubernetes,kubernetes/kubernetes,pkg/generated/openapi/zz_generated.openapi.go,a962fa5fc6cad031cc323e8ad74c72231d03e0d2,https://github.com/kubernetes/kubernetes/raw/45f4ccc2153bbb782253704cbe24c05e22b5d60c/pkg%2Fgenerated%2Fopenapi%2Fzz_generated.openapi.go,1,0.26507995563375,0
kubernetes,kubernetes,kubernetes/kubernetes,staging/src/k8s.io/kubectl/pkg/cmd/get/customcolumn_test.go,90f50488c7b1ab810dd98061d196568e61c47adb,https://github.com/kubernetes/kubernetes/raw/dad0e937c0f76344363eb691b2668490ffef8537/staging%2Fsrc%2Fk8s.io%2Fkubectl%2Fpkg%2Fcmd%2Fget%2Fcustomcolumn_test.go,1,0.2644265076761889,0
kubernetes,kubernetes,kubernetes/kubernetes,pkg/kubelet/apis/pods/server.go,433ae3363f25f0cca298a8eef8201630e459da92,https://github.com/kubernetes/kubernetes/raw/960c317df453b59730f2cb241df43b8aed956e60/pkg%2Fkubelet%2Fapis%2Fpods%2Fserver.go,0,0.260511131403882,0
kubernetes,kubernetes,kubernetes/kubernetes,staging/src/k8s.io/cli-runtime/pkg/printers/tableprinter.go,90f50488c7b1ab810dd98061d196568e61c47adb,https://github.com/kubernetes/kubernetes/raw/dad0e937c0f76344363eb691b2668490ffef8537/staging%2Fsrc%2Fk8s.io%2Fcli-runtime%2Fpkg%2Fprinters%2Ftableprinter.go,1,0.25958057273005525,0
kubernetes,kubernetes,kubernetes/kubernetes,pkg/scheduler/schedule_one_podgroup_test.go,757cdd011533566b4947c0c49e764f35bad3dc12,https://github.com/kubernetes/kubernetes/raw/e70704a43a5d5c4d1cca9c5afb79c2960b413f35/pkg%2Fscheduler%2Fschedule_one_podgroup_test.go,0,0.25825909305261713,0
kubernetes,kubernetes,kubernetes/kubernetes,staging/src/k8s.io/cli-runtime/pkg/printers/tableprinter_test.go,90f50488c7b1ab810dd98061d196568e61c47adb,https://github.com/kubernetes/kubernetes/raw/dad0e937c0f76344363eb691b2668490ffef8537/staging%2Fsrc%2Fk8s.io%2Fcli-runtime%2Fpkg%2Fprinters%2Ftableprinter_test.go,1,0.2540820811741152,0
kubernetes,kubernetes,kubernetes/kubernetes,staging/src/k8s.io/code-generator/cmd/validation-gen/validators/registry_test.go,df2c46d6146b908df1d32059090bc268f10d72d9,https://github.com/kubernetes/kubernetes/raw/996585656cb48cb32b5aac3e33b5d1b8fa198fe7/staging%2Fsrc%2Fk8s.io%2Fcode-generator%2Fcmd%2Fvalidation-gen%2Fvalidators%2Fregistry_test.go,0,0.253209474980597,0
kubernetes,kubernetes,kubernetes/kubernetes,cmd/kube-controller-manager/names/controller_names.go,47751d94acf19f19283ab956d2b21ccc2ce8dae2,https://github.com/kubernetes/kubernetes/raw/1b5bcf309cc382a94905f69edb40ece37ce077b4/cmd%2Fkube-controller-manager%2Fnames%2Fcontroller_names.go,0,0.25065423247035135,0
kubernetes,kubernetes,kubernetes/kubernetes,pkg/kubelet/kubelet_server_journal.go,a962fa5fc6cad031cc323e8ad74c72231d03e0d2,https://github.com/kubernetes/kubernetes/raw/45f4ccc2153bbb782253704cbe24c05e22b5d60c/pkg%2Fkubelet%2Fkubelet_server_journal.go,1,0.2501011853162695,0
kubernetes,kubernetes,kubernetes/kubernetes,pkg/kubelet/kubelet_server_journal.go,e616858316df68aea76390062becc70957f24f66,https://github.com/kubernetes/kubernetes/raw/5fe148234f8ab1184f26069c4f7bef6c37efe347/pkg%2Fkubelet%2Fkubelet_server_journal.go,1,0.2501011853162695,0
kubernetes,kubernetes,kubernetes/kubernetes,pkg/kubelet/kubelet_server_journal.go,86e25a07e279516eb13af436ca5706b1806ea604,https://github.com/kubernetes/kubernetes/raw/fb0187c2bf7061258bb89891edb1237261eb7abc/pkg%2Fkubelet%2Fkubelet_server_journal.go,1,0.2501011853162695,0
kubernetes,kubernetes,kubernetes/kubernetes,pkg/kubelet/kubelet_server_journal.go,1043bf333c5f5d4e7e7ae0fda464ff99f2b9b7b6,https://github.com/kubernetes/kubernetes/raw/75c83a6871dc030675288c6d63c275a43c2f0d55/pkg%2Fkubelet%2Fkubelet_server_journal.go,1,0.2501011853162695,0
kubernetes,kubernetes,kubernetes/kubernetes,staging/src/k8s.io/kube-scheduler/framework/interface.go,757cdd011533566b4947c0c49e764f35bad3dc12,https://github.com/kubernetes/kubernetes/raw/e70704a43a5d5c4d1cca9c5afb79c2960b413f35/staging%2Fsrc%2Fk8s.io%2Fkube-scheduler%2Fframework%2Finterface.go,0,0.24970826633152873,0
kubernetes,kubernetes,kubernetes/kubernetes,staging/src/k8s.io/kubectl/pkg/cmd/events/event_printer_test.go,90f50488c7b1ab810dd98061d196568e61c47adb,https://github.com/kubernetes/kubernetes/raw/dad0e937c0f76344363eb691b2668490ffef8537/staging%2Fsrc%2Fk8s.io%2Fkubectl%2Fpkg%2Fcmd%2Fevents%2Fevent_printer_test.go,1,0.2486803632399837,0
kubernetes,kubernetes,kubernetes/kubernetes,staging/src/k8s.io/code-generator/cmd/validation-gen/output_tests/tags/required/doc_test.go,1b5bcf309cc382a94905f69edb40ece37ce077b4,https://github.com/kubernetes/kubernetes/raw/74c2317766cfd8060485e52f40d10adbfc41f6cc/staging%2Fsrc%2Fk8s.io%2Fcode-generator%2Fcmd%2Fvalidation-gen%2Foutput_tests%2Ftags%2Frequired%2Fdoc_test.go,0,0.24862330938378116,0
kubernetes,kubernetes,kubernetes/kubernetes,staging/src/k8s.io/code-generator/cmd/validation-gen/output_tests/tags/forbidden/doc_test.go,1b5bcf309cc382a94905f69edb40ece37ce077b4,https://github.com/kubernetes/kubernetes/raw/74c2317766cfd8060485e52f40d10adbfc41f6cc/staging%2Fsrc%2Fk8s.io%2Fcode-generator%2Fcmd%2Fvalidation-gen%2Foutput_tests%2Ftags%2Fforbidden%2Fdoc_test.go,0,0.24862330938378116,0
kubernetes,kubernetes,kubernetes/kubernetes,pkg/kubelet/kubelet_server_journal_others.go,1043bf333c5f5d4e7e7ae0fda464ff99f2b9b7b6,https://github.com/kubernetes/kubernetes/raw/75c83a6871dc030675288c6d63c275a43c2f0d55/pkg%2Fkubelet%2Fkubelet_server_journal_others.go,1,0.24664056572739687,0
kubernetes,kubernetes,kubernetes/kubernetes,pkg/kubelet/kubelet_server_journal_others.go,a962fa5fc6cad031cc323e8ad74c72231d03e0d2,https://github.com/kubernetes/kubernetes/raw/45f4ccc2153bbb782253704cbe24c05e22b5d60c/pkg%2Fkubelet%2Fkubelet_server_journal_others.go,1,0.24664056572739687,0
kubernetes,kubernetes,kubernetes/kubernetes,pkg/kubelet/kubelet_server_journal_others.go,e616858316df68aea76390062becc70957f24f66,https://github.com/kubernetes/kubernetes/raw/5fe148234f8ab1184f26069c4f7bef6c37efe347/pkg%2Fkubelet%2Fkubelet_server_journal_others.go,1,0.24664056572739687,0
kubernetes,kubernetes,kubernetes/kubernetes,pkg/kubelet/kubelet_server_journal_others.go,86e25a07e279516eb13af436ca5706b1806ea604,https://github.com/kubernetes/kubernetes/raw/fb0187c2bf7061258bb89891edb1237261eb7abc/pkg%2Fkubelet%2Fkubelet_server_journal_others.go,1,0.24664056572739687,0
kubernetes,kubernetes,kubernetes/kubernetes,pkg/kubectl/cmd/cp/cp.go,7fbfe70147f963bc1fd2b0376d7efc116cc757a8,https://github.com/kubernetes/kubernetes/raw/47063891dd782835170f500a83f37cc98c3c1013/pkg%2Fkubectl%2Fcmd%2Fcp%2Fcp.go,1,0.2461348659035172,0
kubernetes,kubernetes,kubernetes/kubernetes,pkg/kubelet/images/pullmanager/image_pull_policies_test.go,bf1abbf2e987883ffacaaf6f84218bcbfd444876,https://github.com/kubernetes/kubernetes/raw/87924903db87b9c449cf9455efefef80cb15d439/pkg%2Fkubelet%2Fimages%2Fpullmanager%2Fimage_pull_policies_test.go,0,0.2457719973573576,0
kubernetes,kubernetes,kubernetes/kubernetes,staging/src/k8s.io/cli-runtime/pkg/printers/terminal.go,90f50488c7b1ab810dd98061d196568e61c47adb,https://github.com/kubernetes/kubernetes/raw/dad0e937c0f76344363eb691b2668490ffef8537/staging%2Fsrc%2Fk8s.io%2Fcli-runtime%2Fpkg%2Fprinters%2Fterminal.go,1,0.245577901209802,0
kubernetes,kubernetes,kubernetes/kubernetes,staging/src/k8s.io/kubectl/pkg/cmd/events/event_printer.go,90f50488c7b1ab810dd98061d196568e61c47adb,https://github.com/kubernetes/kubernetes/raw/dad0e937c0f76344363eb691b2668490ffef8537/staging%2Fsrc%2Fk8s.io%2Fkubectl%2Fpkg%2Fcmd%2Fevents%2Fevent_printer.go,1,0.2451417320691077,0
kubernetes,kubernetes,kubernetes/kubernetes,pkg/scheduler/framework/plugins/dynamicresources/dynamicresources_test.go,0f815fd0e5aaa7f55fbdce530ed00cd890aa47f7,https://github.com/kubernetes/kubernetes/raw/af186d35343f45c2031b38107f8ff3c92dd348ca/pkg%2Fscheduler%2Fframework%2Fplugins%2Fdynamicresources%2Fdynamicresources_test.go,0,0.24171162701511137,0
kubernetes,kubernetes,kubernetes/kubernetes,test/integration/scheduler/podgroup/topology_aware_scheduling/main_test.go,757cdd011533566b4947c0c49e764f35bad3dc12,https://github.com/kubernetes/kubernetes/raw/e70704a43a5d5c4d1cca9c5afb79c2960b413f35/test%2Fintegration%2Fscheduler%2Fpodgroup%2Ftopology_aware_scheduling%2Fmain_test.go,0,0.24000301499618606,0
kubernetes,kubernetes,kubernetes/kubernetes,staging/src/k8s.io/code-generator/cmd/validation-gen/output_tests/tags/validatetruebeta/doc_test.go,df2c46d6146b908df1d32059090bc268f10d72d9,https://github.com/kubernetes/kubernetes/raw/996585656cb48cb32b5aac3e33b5d1b8fa198fe7/staging%2Fsrc%2Fk8s.io%2Fcode-generator%2Fcmd%2Fvalidation-gen%2Foutput_tests%2Ftags%2Fvalidatetruebeta%2Fdoc_test.go,0,0.2397009688354612,0
kubernetes,kubernetes,kubernetes/kubernetes,staging/src/k8s.io/code-generator/cmd/validation-gen/output_tests/tags/validatetruealpha/doc_test.go,df2c46d6146b908df1d32059090bc268f10d72d9,https://github.com/kubernetes/kubernetes/raw/996585656cb48cb32b5aac3e33b5d1b8fa198fe7/staging%2Fsrc%2Fk8s.io%2Fcode-generator%2Fcmd%2Fvalidation-gen%2Foutput_tests%2Ftags%2Fvalidatetruealpha%2Fdoc_test.go,0,0.2397009688354612,0
kubernetes,kubernetes,kubernetes/kubernetes,pkg/registry/node/etcd/etcd.go,3bd855a342a1dc5583dcedc72b6b49f7b369cce7,https://github.com/kubernetes/kubernetes/raw/37f730f68c7f06e060f90714439bfb0dbb2df5e7/pkg%2Fregistry%2Fnode%2Fetcd%2Fetcd.go,1,0.2395348423499668,0
kubernetes,kubernetes,kubernetes/kubernetes,pkg/registry/node/etcd/etcd.go,054b779cebfa8952abef41048a79ad0cfa3a43ec,https://github.com/kubernetes/kubernetes/raw/68f2add9bd5d43b9da1424d87d88f83d120e17d0/pkg%2Fregistry%2Fnode%2Fetcd%2Fetcd.go,1,0.2395348423499668,0
kubernetes,kubernetes,kubernetes/kubernetes,pkg/registry/namespace/etcd/etcd.go,3bd855a342a1dc5583dcedc72b6b49f7b369cce7,https://github.com/kubernetes/kubernetes/raw/37f730f68c7f06e060f90714439bfb0dbb2df5e7/pkg%2Fregistry%2Fnamespace%2Fetcd%2Fetcd.go,1,0.23800324380573532,0
kubernetes,kubernetes,kubernetes/kubernetes,pkg/registry/namespace/etcd/etcd.go,054b779cebfa8952abef41048a79ad0cfa3a43ec,https://github.com/kubernetes/kubernetes/raw/68f2add9bd5d43b9da1424d87d88f83d120e17d0/pkg%2Fregistry%2Fnamespace%2Fetcd%2Fetcd.go,1,0.23800324380573532,0
kubernetes,kubernetes,kubernetes/kubernetes,staging/src/k8s.io/cri-client/pkg/remote_runtime.go,843fdded46dcfa268b208453aa98633e204b40f7,https://github.com/kubernetes/kubernetes/raw/70793b760c99b6f9142a33acc330aafdf7b7a826/staging%2Fsrc%2Fk8s.io%2Fcri-client%2Fpkg%2Fremote_runtime.go,0,0.23663713760278157,0
kubernetes,kubernetes,kubernetes/kubernetes,staging/src/k8s.io/kubectl/pkg/cmd/get/customcolumn.go,90f50488c7b1ab810dd98061d196568e61c47adb,https://github.com/kubernetes/kubernetes/raw/dad0e937c0f76344363eb691b2668490ffef8537/staging%2Fsrc%2Fk8s.io%2Fkubectl%2Fpkg%2Fcmd%2Fget%2Fcustomcolumn.go,1,0.2361695074887093,0
kubernetes,kubernetes,kubernetes/kubernetes,staging/src/k8s.io/component-helpers/nodedeclaredfeatures/features/registry.go,fa50e63b810dd85ca80ef71a7623aff34ec90779,https://github.com/kubernetes/kubernetes/raw/2d205b9556165c4ce75a65f0b563f0780c99d591/staging%2Fsrc%2Fk8s.io%2Fcomponent-helpers%2Fnodedeclaredfeatures%2Ffeatures%2Fregistry.go,0,0.23465583268361223,0
kubernetes,kubernetes,kubernetes/kubernetes,staging/src/k8s.io/cri-client/pkg/remote_image.go,843fdded46dcfa268b208453aa98633e204b40f7,https://github.com/kubernetes/kubernetes/raw/70793b760c99b6f9142a33acc330aafdf7b7a826/staging%2Fsrc%2Fk8s.io%2Fcri-client%2Fpkg%2Fremote_image.go,0,0.23450254268305595,0
kubernetes,kubernetes,kubernetes/kubernetes,staging/src/k8s.io/kubelet/pkg/apis/pods/v1alpha1/api.pb.go,0809c4f37fdca592d9a8efd5e189102ca1082697,https://github.com/kubernetes/kubernetes/raw/69167c14bd5a582823eec9c361c066780cfa01b0/staging%2Fsrc%2Fk8s.io%2Fkubelet%2Fpkg%2Fapis%2Fpods%2Fv1alpha1%2Fapi.pb.go,0,0.2334553342161304,0
kubernetes,kubernetes,kubernetes/kubernetes,pkg/kubelet/server/server.go,6a92f1944446a0c8067839e60ac3f2eaefdef502,https://github.com/kubernetes/kubernetes/raw/9802bfcec0580169cffce2a3d468689a407fa7dc/pkg%2Fkubelet%2Fserver%2Fserver.go,1,0.23203376161131886,0
kubernetes,kubernetes,kubernetes/kubernetes,staging/src/k8s.io/code-generator/cmd/validation-gen/output_tests/tags/forbidden/zz_generated.validations.go,1b5bcf309cc382a94905f69edb40ece37ce077b4,https://github.com/kubernetes/kubernetes/raw/74c2317766cfd8060485e52f40d10adbfc41f6cc/staging%2Fsrc%2Fk8s.io%2Fcode-generator%2Fcmd%2Fvalidation-gen%2Foutput_tests%2Ftags%2Fforbidden%2Fzz_generated.validations.go,0,0.23114265290100036,0
kubernetes,kubernetes,kubernetes/kubernetes,staging/src/k8s.io/code-generator/cmd/validation-gen/output_tests/tags/required/zz_generated.validations.go,1b5bcf309cc382a94905f69edb40ece37ce077b4,https://github.com/kubernetes/kubernetes/raw/74c2317766cfd8060485e52f40d10adbfc41f6cc/staging%2Fsrc%2Fk8s.io%2Fcode-generator%2Fcmd%2Fvalidation-gen%2Foutput_tests%2Ftags%2Frequired%2Fzz_generated.validations.go,0,0.23114265290100036,0
kubernetes,kubernetes,kubernetes/kubernetes,staging/src/k8s.io/apimachinery/pkg/util/proxy/upgradeaware.go,396271cf52af70bc96ed378dd9ce1a865cc99647,https://github.com/kubernetes/kubernetes/raw/2257c1ecbe3c0cf71dd50b82752ae189c94ec905/staging%2Fsrc%2Fk8s.io%2Fapimachinery%2Fpkg%2Futil%2Fproxy%2Fupgradeaware.go,1,0.22926939746395486,0
kubernetes,kubernetes,kubernetes/kubernetes,pkg/registry/resource/resourceslice/declarative_validation_test.go,39e99b2a2c280ff4d7cbfa490ebf97703fdef005,https://github.com/kubernetes/kubernetes/raw/ca66143d5fc5645eeffd83d64de4d1a519b2ba4a/pkg%2Fregistry%2Fresource%2Fresourceslice%2Fdeclarative_validation_test.go,0,0.22832212962590637,0
kubernetes,kubernetes,kubernetes/kubernetes,pkg/kubelet/images/pullmanager/image_pull_manager_test.go,bf1abbf2e987883ffacaaf6f84218bcbfd444876,https://github.com/kubernetes/kubernetes/raw/87924903db87b9c449cf9455efefef80cb15d439/pkg%2Fkubelet%2Fimages%2Fpullmanager%2Fimage_pull_manager_test.go,0,0.2265629242557753,0
kubernetes,kubernetes,kubernetes/kubernetes,test/integration/scheduler/podgroup/topology_aware_scheduling/tas_test.go,1132a4e4efd80d50b9ef17e1ec479c2d73979f25,https://github.com/kubernetes/kubernetes/raw/cf5ba01d1353a138053955e6d8f3ce079b4afee0/test%2Fintegration%2Fscheduler%2Fpodgroup%2Ftopology_aware_scheduling%2Ftas_test.go,0,0.22644447748130403,0
kubernetes,kubernetes,kubernetes/kubernetes,test/integration/scheduler/podgroup/topology_aware_scheduling/tas_test.go,757cdd011533566b4947c0c49e764f35bad3dc12,https://github.com/kubernetes/kubernetes/raw/e70704a43a5d5c4d1cca9c5afb79c2960b413f35/test%2Fintegration%2Fscheduler%2Fpodgroup%2Ftopology_aware_scheduling%2Ftas_test.go,0,0.22644447748130403,0
kubernetes,kubernetes,kubernetes/kubernetes,staging/src/k8s.io/apiserver/pkg/storage/etcd3/metrics/metrics_test.go,f0bd9004e1b7ee0c3e4af5bdb4a1c21b8a359c0e,https://github.com/kubernetes/kubernetes/raw/bd94e01450846dd7769ec2ff3da6ed293e3cf39b/staging%2Fsrc%2Fk8s.io%2Fapiserver%2Fpkg%2Fstorage%2Fetcd3%2Fmetrics%2Fmetrics_test.go,0,0.22444153123412178,0
kubernetes,kubernetes,kubernetes/kubernetes,pkg/scheduler/framework/plugins/dynamicresources/nodeallocatabledynamicresources.go,0f815fd0e5aaa7f55fbdce530ed00cd890aa47f7,https://github.com/kubernetes/kubernetes/raw/af186d35343f45c2031b38107f8ff3c92dd348ca/pkg%2Fscheduler%2Fframework%2Fplugins%2Fdynamicresources%2Fnodeallocatabledynamicresources.go,0,0.22360244348255198,0
kubernetes,kubernetes,kubernetes/kubernetes,staging/src/k8s.io/apiserver/pkg/server/healthz/healthz_test.go,9f44f7ecc2c44cd2570ad7cc6851a052894471a6,https://github.com/kubernetes/kubernetes/raw/5978856c4c7f10737a11c9540fe60b8475beecbb/staging%2Fsrc%2Fk8s.io%2Fapiserver%2Fpkg%2Fserver%2Fhealthz%2Fhealthz_test.go,1,0.22164517836046466,0
kubernetes,kubernetes,kubernetes/kubernetes,pkg/controller/scheduling/podgroupprotection/podgroup_protection_controller.go,47751d94acf19f19283ab956d2b21ccc2ce8dae2,https://github.com/kubernetes/kubernetes/raw/1b5bcf309cc382a94905f69edb40ece37ce077b4/pkg%2Fcontroller%2Fscheduling%2Fpodgroupprotection%2Fpodgroup_protection_controller.go,0,0.22160876147279093,0
kubernetes,kubernetes,kubernetes/kubernetes,staging/src/k8s.io/code-generator/cmd/validation-gen/output_tests/tags/validatetruebeta/zz_generated.validations.go,df2c46d6146b908df1d32059090bc268f10d72d9,https://github.com/kubernetes/kubernetes/raw/996585656cb48cb32b5aac3e33b5d1b8fa198fe7/staging%2Fsrc%2Fk8s.io%2Fcode-generator%2Fcmd%2Fvalidation-gen%2Foutput_tests%2Ftags%2Fvalidatetruebeta%2Fzz_generated.validations.go,0,0.2212612622466656,0
kubernetes,kubernetes,kubernetes/kubernetes,staging/src/k8s.io/code-generator/cmd/validation-gen/output_tests/tags/validatetruealpha/zz_generated.validations.go,df2c46d6146b908df1d32059090bc268f10d72d9,https://github.com/kubernetes/kubernetes/raw/996585656cb48cb32b5aac3e33b5d1b8fa198fe7/staging%2Fsrc%2Fk8s.io%2Fcode-generator%2Fcmd%2Fvalidation-gen%2Foutput_tests%2Ftags%2Fvalidatetruealpha%2Fzz_generated.validations.go,0,0.2212612622466656,0
kubernetes,kubernetes,kubernetes/kubernetes,test/integration/apiserver/discovery/framework.go,ec68099e62c85901c8d225705d55adfac26cf69d,https://github.com/kubernetes/kubernetes/raw/757cdd011533566b4947c0c49e764f35bad3dc12/test%2Fintegration%2Fapiserver%2Fdiscovery%2Fframework.go,0,0.22050259683516635,0
kubernetes,kubernetes,kubernetes/kubernetes,pkg/scheduler/framework/plugins/feature/feature.go,0f815fd0e5aaa7f55fbdce530ed00cd890aa47f7,https://github.com/kubernetes/kubernetes/raw/af186d35343f45c2031b38107f8ff3c92dd348ca/pkg%2Fscheduler%2Fframework%2Fplugins%2Ffeature%2Ffeature.go,0,0.219996810182478,0
kubernetes,kubernetes,kubernetes/kubernetes,pkg/features/kube_features.go,b865748c1c721107e6457101ac55f7dbfa9d6212,https://github.com/kubernetes/kubernetes/raw/7a3a6cf4be719a2eaed14e48a701cbdd2f0e8400/pkg%2Ffeatures%2Fkube_features.go,0,0.2184449676023773,0
kubernetes,kubernetes,kubernetes/kubernetes,pkg/controlplane/apiserver/samples/generic/server/admission_test.go,1132a4e4efd80d50b9ef17e1ec479c2d73979f25,https://github.com/kubernetes/kubernetes/raw/cf5ba01d1353a138053955e6d8f3ce079b4afee0/pkg%2Fcontrolplane%2Fapiserver%2Fsamples%2Fgeneric%2Fserver%2Fadmission_test.go,0,0.21752895647268783,0
kubernetes,kubernetes,kubernetes/kubernetes,staging/src/k8s.io/apiserver/pkg/endpoints/metrics/metrics_test.go,9f44f7ecc2c44cd2570ad7cc6851a052894471a6,https://github.com/kubernetes/kubernetes/raw/9f44f7ecc2c44cd2570ad7cc6851a052894471a6/staging%2Fsrc%2Fk8s.io%2Fapiserver%2Fpkg%2Fendpoints%2Fmetrics%2Fmetrics_test.go,1,0.21664771684658438,0
kubernetes,kubernetes,kubernetes/kubernetes,cmd/kube-controller-manager/app/controller_descriptor.go,47751d94acf19f19283ab956d2b21ccc2ce8dae2,https://github.com/kubernetes/kubernetes/raw/1b5bcf309cc382a94905f69edb40ece37ce077b4/cmd%2Fkube-controller-manager%2Fapp%2Fcontroller_descriptor.go,0,0.21457983025502017,0
kubernetes,kubernetes,kubernetes/kubernetes,staging/src/k8s.io/client-go/transport/round_trippers.go,777e84e184ceb176ffcf97ca60427e9a5e8cd31e,https://github.com/kubernetes/kubernetes/raw/e99df0e5a75eb6e86123b56d53e9b7ca0fd00419/staging%2Fsrc%2Fk8s.io%2Fclient-go%2Ftransport%2Fround_trippers.go,1,0.21364253516496423,0
kubernetes,kubernetes,kubernetes/kubernetes,pkg/apis/scheduling/types.go,47751d94acf19f19283ab956d2b21ccc2ce8dae2,https://github.com/kubernetes/kubernetes/raw/1b5bcf309cc382a94905f69edb40ece37ce077b4/pkg%2Fapis%2Fscheduling%2Ftypes.go,0,0.21175046106465928,0
kubernetes,kubernetes,kubernetes/kubernetes,staging/src/k8s.io/kubelet/pkg/apis/pods/v1alpha1/api_grpc.pb.go,0809c4f37fdca592d9a8efd5e189102ca1082697,https://github.com/kubernetes/kubernetes/raw/69167c14bd5a582823eec9c361c066780cfa01b0/staging%2Fsrc%2Fk8s.io%2Fkubelet%2Fpkg%2Fapis%2Fpods%2Fv1alpha1%2Fapi_grpc.pb.go,0,0.2071600950635568,0
kubernetes,kubernetes,kubernetes/kubernetes,pkg/controller/scheduling/podgroupprotection/podgroup_protection_controller_test.go,47751d94acf19f19283ab956d2b21ccc2ce8dae2,https://github.com/kubernetes/kubernetes/raw/1b5bcf309cc382a94905f69edb40ece37ce077b4/pkg%2Fcontroller%2Fscheduling%2Fpodgroupprotection%2Fpodgroup_protection_controller_test.go,0,0.20519331137000008,0
kubernetes,kubernetes,kubernetes/kubernetes,staging/src/k8s.io/code-generator/cmd/validation-gen/output_tests/tags/required/doc.go,1b5bcf309cc382a94905f69edb40ece37ce077b4,https://github.com/kubernetes/kubernetes/raw/74c2317766cfd8060485e52f40d10adbfc41f6cc/staging%2Fsrc%2Fk8s.io%2Fcode-generator%2Fcmd%2Fvalidation-gen%2Foutput_tests%2Ftags%2Frequired%2Fdoc.go,0,0.20441194479256097,0
kubernetes,kubernetes,kubernetes/kubernetes,staging/src/k8s.io/code-generator/cmd/validation-gen/output_tests/tags/forbidden/doc.go,1b5bcf309cc382a94905f69edb40ece37ce077b4,https://github.com/kubernetes/kubernetes/raw/74c2317766cfd8060485e52f40d10adbfc41f6cc/staging%2Fsrc%2Fk8s.io%2Fcode-generator%2Fcmd%2Fvalidation-gen%2Foutput_tests%2Ftags%2Fforbidden%2Fdoc.go,0,0.20441194479256097,0
kubernetes,kubernetes,kubernetes/kubernetes,pkg/scheduler/framework/plugins/dynamicresources/nodeallocatabledynamicresources_test.go,0f815fd0e5aaa7f55fbdce530ed00cd890aa47f7,https://github.com/kubernetes/kubernetes/raw/af186d35343f45c2031b38107f8ff3c92dd348ca/pkg%2Fscheduler%2Fframework%2Fplugins%2Fdynamicresources%2Fnodeallocatabledynamicresources_test.go,0,0.20390189865711156,0
kubernetes,kubernetes,kubernetes/kubernetes,staging/src/k8s.io/apiserver/pkg/storage/etcd3/metrics/metrics.go,f0bd9004e1b7ee0c3e4af5bdb4a1c21b8a359c0e,https://github.com/kubernetes/kubernetes/raw/bd94e01450846dd7769ec2ff3da6ed293e3cf39b/staging%2Fsrc%2Fk8s.io%2Fapiserver%2Fpkg%2Fstorage%2Fetcd3%2Fmetrics%2Fmetrics.go,0,0.20076508808349625,0
kubernetes,kubernetes,kubernetes/kubernetes,staging/src/k8s.io/code-generator/cmd/validation-gen/output_tests/tags/validatetruealpha/doc.go,df2c46d6146b908df1d32059090bc268f10d72d9,https://github.com/kubernetes/kubernetes/raw/996585656cb48cb32b5aac3e33b5d1b8fa198fe7/staging%2Fsrc%2Fk8s.io%2Fcode-generator%2Fcmd%2Fvalidation-gen%2Foutput_tests%2Ftags%2Fvalidatetruealpha%2Fdoc.go,0,0.19370489768372356,0
kubernetes,kubernetes,kubernetes/kubernetes,staging/src/k8s.io/code-generator/cmd/validation-gen/output_tests/tags/validatetruebeta/doc.go,df2c46d6146b908df1d32059090bc268f10d72d9,https://github.com/kubernetes/kubernetes/raw/996585656cb48cb32b5aac3e33b5d1b8fa198fe7/staging%2Fsrc%2Fk8s.io%2Fcode-generator%2Fcmd%2Fvalidation-gen%2Foutput_tests%2Ftags%2Fvalidatetruebeta%2Fdoc.go,0,0.19370489768372356,0
kubernetes,kubernetes,kubernetes/kubernetes,staging/src/k8s.io/apiserver/pkg/endpoints/metrics/metrics.go,9f44f7ecc2c44cd2570ad7cc6851a052894471a6,https://github.com/kubernetes/kubernetes/raw/5978856c4c7f10737a11c9540fe60b8475beecbb/staging%2Fsrc%2Fk8s.io%2Fapiserver%2Fpkg%2Fendpoints%2Fmetrics%2Fmetrics.go,1,0.19239900411662886,0
kubernetes,kubernetes,kubernetes/kubernetes,cmd/kube-controller-manager/app/controllermanager_test.go,47751d94acf19f19283ab956d2b21ccc2ce8dae2,https://github.com/kubernetes/kubernetes/raw/1b5bcf309cc382a94905f69edb40ece37ce077b4/cmd%2Fkube-controller-manager%2Fapp%2Fcontrollermanager_test.go,0,0.1869656755314432,0
kubernetes,kubernetes,kubernetes/kubernetes,pkg/kubeapiserver/options/plugins.go,1132a4e4efd80d50b9ef17e1ec479c2d73979f25,https://github.com/kubernetes/kubernetes/raw/cf5ba01d1353a138053955e6d8f3ce079b4afee0/pkg%2Fkubeapiserver%2Foptions%2Fplugins.go,0,0.18695501517639476,0
kubernetes,kubernetes,kubernetes/kubernetes,pkg/generated/openapi/zz_generated.openapi.go,b865748c1c721107e6457101ac55f7dbfa9d6212,https://github.com/kubernetes/kubernetes/raw/7a3a6cf4be719a2eaed14e48a701cbdd2f0e8400/pkg%2Fgenerated%2Fopenapi%2Fzz_generated.openapi.go,0,0.18513559409829083,0
kubernetes,kubernetes,kubernetes/kubernetes,pkg/scheduler/eventhandlers_test.go,b865748c1c721107e6457101ac55f7dbfa9d6212,https://github.com/kubernetes/kubernetes/raw/7a3a6cf4be719a2eaed14e48a701cbdd2f0e8400/pkg%2Fscheduler%2Feventhandlers_test.go,0,0.1806644998670572,0
kubernetes,kubernetes,kubernetes/kubernetes,pkg/scheduler/framework/plugins/dynamicresources/dynamicresources_test.go,b865748c1c721107e6457101ac55f7dbfa9d6212,https://github.com/kubernetes/kubernetes/raw/7a3a6cf4be719a2eaed14e48a701cbdd2f0e8400/pkg%2Fscheduler%2Fframework%2Fplugins%2Fdynamicresources%2Fdynamicresources_test.go,0,0.1742967206525163,0
kubernetes,kubernetes,kubernetes/kubernetes,pkg/scheduler/framework/plugins/dynamicresources/dynamicresources.go,b865748c1c721107e6457101ac55f7dbfa9d6212,https://github.com/kubernetes/kubernetes/raw/7a3a6cf4be719a2eaed14e48a701cbdd2f0e8400/pkg%2Fscheduler%2Fframework%2Fplugins%2Fdynamicresources%2Fdynamicresources.go,0,0.17257045559574477,0
kubernetes,kubernetes,kubernetes/kubernetes,pkg/generated/openapi/zz_generated.openapi.go,dbd3f16787256f319f06e15d431f14e1fcaa8bd7,https://github.com/kubernetes/kubernetes/raw/d2b77a8133d89fe694a8604c8db891f2d2bc1a7c/pkg%2Fgenerated%2Fopenapi%2Fzz_generated.openapi.go,0,0.17068211878913261,0
kubernetes,kubernetes,kubernetes/kubernetes,test/integration/etcd/data.go,1132a4e4efd80d50b9ef17e1ec479c2d73979f25,https://github.com/kubernetes/kubernetes/raw/cf5ba01d1353a138053955e6d8f3ce079b4afee0/test%2Fintegration%2Fetcd%2Fdata.go,0,0.16858646456882284,0
kubernetes,kubernetes,kubernetes/kubernetes,pkg/apis/core/types.go,b865748c1c721107e6457101ac55f7dbfa9d6212,https://github.com/kubernetes/kubernetes/raw/7a3a6cf4be719a2eaed14e48a701cbdd2f0e8400/pkg%2Fapis%2Fcore%2Ftypes.go,0,0.16440045653544894,0
kubernetes,kubernetes,kubernetes/kubernetes,pkg/kubelet/apis/config/types.go,dbd3f16787256f319f06e15d431f14e1fcaa8bd7,https://github.com/kubernetes/kubernetes/raw/d2b77a8133d89fe694a8604c8db891f2d2bc1a7c/pkg%2Fkubelet%2Fapis%2Fconfig%2Ftypes.go,0,0.1637267287484492,0
kubernetes,kubernetes,kubernetes/kubernetes,staging/src/k8s.io/kubelet/config/v1beta1/types.go,dbd3f16787256f319f06e15d431f14e1fcaa8bd7,https://github.com/kubernetes/kubernetes/raw/d2b77a8133d89fe694a8604c8db891f2d2bc1a7c/staging%2Fsrc%2Fk8s.io%2Fkubelet%2Fconfig%2Fv1beta1%2Ftypes.go,0,0.15849551602336587,0
kubernetes,kubernetes,kubernetes/kubernetes,test/e2e_node/memory_qos_test.go,dbd3f16787256f319f06e15d431f14e1fcaa8bd7,https://github.com/kubernetes/kubernetes/raw/d2b77a8133d89fe694a8604c8db891f2d2bc1a7c/test%2Fe2e_node%2Fmemory_qos_test.go,0,0.15737853849824937,0
kubernetes,kubernetes,kubernetes/kubernetes,pkg/scheduler/framework/plugins/dynamicresources/nodeallocatabledynamicresources_test.go,b865748c1c721107e6457101ac55f7dbfa9d6212,https://github.com/kubernetes/kubernetes/raw/7a3a6cf4be719a2eaed14e48a701cbdd2f0e8400/pkg%2Fscheduler%2Fframework%2Fplugins%2Fdynamicresources%2Fnodeallocatabledynamicresources_test.go,0,0.15405132319303813,0
kubernetes,kubernetes,kubernetes/kubernetes,pkg/scheduler/framework/plugins/dynamicresources/nodeallocatabledynamicresources.go,b865748c1c721107e6457101ac55f7dbfa9d6212,https://github.com/kubernetes/kubernetes/raw/7a3a6cf4be719a2eaed14e48a701cbdd2f0e8400/pkg%2Fscheduler%2Fframework%2Fplugins%2Fdynamicresources%2Fnodeallocatabledynamicresources.go,0,0.1519804629199247,0
kubernetes,kubernetes,kubernetes/kubernetes,staging/src/k8s.io/api/core/v1/types.go,b865748c1c721107e6457101ac55f7dbfa9d6212,https://github.com/kubernetes/kubernetes/raw/7a3a6cf4be719a2eaed14e48a701cbdd2f0e8400/staging%2Fsrc%2Fk8s.io%2Fapi%2Fcore%2Fv1%2Ftypes.go,0,0.15140732938569496,0
kubernetes,kubernetes,kubernetes/kubernetes,pkg/apis/resource/v1beta1/conversion_test.go,b865748c1c721107e6457101ac55f7dbfa9d6212,https://github.com/kubernetes/kubernetes/raw/7a3a6cf4be719a2eaed14e48a701cbdd2f0e8400/pkg%2Fapis%2Fresource%2Fv1beta1%2Fconversion_test.go,0,0.14694343067099258,0
kubernetes,kubernetes,kubernetes/kubernetes,pkg/apis/resource/validation/validation_resourceslice_test.go,b865748c1c721107e6457101ac55f7dbfa9d6212,https://github.com/kubernetes/kubernetes/raw/7a3a6cf4be719a2eaed14e48a701cbdd2f0e8400/pkg%2Fapis%2Fresource%2Fvalidation%2Fvalidation_resourceslice_test.go,0,0.1455252136799773,0
kubernetes,kubernetes,kubernetes/kubernetes,staging/src/k8s.io/api/core/v1/generated.pb.go,b865748c1c721107e6457101ac55f7dbfa9d6212,https://github.com/kubernetes/kubernetes/raw/7a3a6cf4be719a2eaed14e48a701cbdd2f0e8400/staging%2Fsrc%2Fk8s.io%2Fapi%2Fcore%2Fv1%2Fgenerated.pb.go,0,0.14522047705280713,0
kubernetes,kubernetes,kubernetes/kubernetes,pkg/apis/core/validation/validation_test.go,b865748c1c721107e6457101ac55f7dbfa9d6212,https://github.com/kubernetes/kubernetes/raw/7a3a6cf4be719a2eaed14e48a701cbdd2f0e8400/pkg%2Fapis%2Fcore%2Fvalidation%2Fvalidation_test.go,0,0.14471202663884544,0
kubernetes,kubernetes,kubernetes/kubernetes,staging/src/k8s.io/component-helpers/resource/helpers_test.go,b865748c1c721107e6457101ac55f7dbfa9d6212,https://github.com/kubernetes/kubernetes/raw/7a3a6cf4be719a2eaed14e48a701cbdd2f0e8400/staging%2Fsrc%2Fk8s.io%2Fcomponent-helpers%2Fresource%2Fhelpers_test.go,0,0.13896281477687938,0
kubernetes,kubernetes,kubernetes/kubernetes,pkg/apis/core/v1/zz_generated.conversion.go,b865748c1c721107e6457101ac55f7dbfa9d6212,https://github.com/kubernetes/kubernetes/raw/7a3a6cf4be719a2eaed14e48a701cbdd2f0e8400/pkg%2Fapis%2Fcore%2Fv1%2Fzz_generated.conversion.go,0,0.1379996872058359,0
kubernetes,kubernetes,kubernetes/kubernetes,pkg/registry/resource/resourceslice/strategy_test.go,b865748c1c721107e6457101ac55f7dbfa9d6212,https://github.com/kubernetes/kubernetes/raw/7a3a6cf4be719a2eaed14e48a701cbdd2f0e8400/pkg%2Fregistry%2Fresource%2Fresourceslice%2Fstrategy_test.go,0,0.13624207936220073,0
kubernetes,kubernetes,kubernetes/kubernetes,test/integration/dra/node_allocatable_resources.go,b865748c1c721107e6457101ac55f7dbfa9d6212,https://github.com/kubernetes/kubernetes/raw/7a3a6cf4be719a2eaed14e48a701cbdd2f0e8400/test%2Fintegration%2Fdra%2Fnode_allocatable_resources.go,0,0.13356709320011,0
kubernetes,kubernetes,kubernetes/kubernetes,staging/src/k8s.io/api/core/v1/zz_generated.deepcopy.go,b865748c1c721107e6457101ac55f7dbfa9d6212,https://github.com/kubernetes/kubernetes/raw/7a3a6cf4be719a2eaed14e48a701cbdd2f0e8400/staging%2Fsrc%2Fk8s.io%2Fapi%2Fcore%2Fv1%2Fzz_generated.deepcopy.go,0,0.13124278502042572,0
kubernetes,kubernetes,kubernetes/kubernetes,pkg/kubelet/apis/config/validation/validation_test.go,dbd3f16787256f319f06e15d431f14e1fcaa8bd7,https://github.com/kubernetes/kubernetes/raw/d2b77a8133d89fe694a8604c8db891f2d2bc1a7c/pkg%2Fkubelet%2Fapis%2Fconfig%2Fvalidation%2Fvalidation_test.go,0,0.13085565223502738,0
kubernetes,kubernetes,kubernetes/kubernetes,staging/src/k8s.io/dynamic-resource-allocation/api/v1beta1/zz_generated.conversion.go,b865748c1c721107e6457101ac55f7dbfa9d6212,https://github.com/kubernetes/kubernetes/raw/7a3a6cf4be719a2eaed14e48a701cbdd2f0e8400/staging%2Fsrc%2Fk8s.io%2Fdynamic-resource-allocation%2Fapi%2Fv1beta1%2Fzz_generated.conversion.go,0,0.12892841220255333,0
kubernetes,kubernetes,kubernetes/kubernetes,staging/src/k8s.io/api/resource/v1/generated.pb.go,b865748c1c721107e6457101ac55f7dbfa9d6212,https://github.com/kubernetes/kubernetes/raw/7a3a6cf4be719a2eaed14e48a701cbdd2f0e8400/staging%2Fsrc%2Fk8s.io%2Fapi%2Fresource%2Fv1%2Fgenerated.pb.go,0,0.128614535865955,0
kubernetes,kubernetes,kubernetes/kubernetes,staging/src/k8s.io/dynamic-resource-allocation/api/v1beta2/zz_generated.conversion.go,b865748c1c721107e6457101ac55f7dbfa9d6212,https://github.com/kubernetes/kubernetes/raw/7a3a6cf4be719a2eaed14e48a701cbdd2f0e8400/staging%2Fsrc%2Fk8s.io%2Fdynamic-resource-allocation%2Fapi%2Fv1beta2%2Fzz_generated.conversion.go,0,0.1265913387017676,0
kubernetes,kubernetes,kubernetes/kubernetes,pkg/apis/resource/v1/zz_generated.conversion.go,b865748c1c721107e6457101ac55f7dbfa9d6212,https://github.com/kubernetes/kubernetes/raw/7a3a6cf4be719a2eaed14e48a701cbdd2f0e8400/pkg%2Fapis%2Fresource%2Fv1%2Fzz_generated.conversion.go,0,0.12505382469372162,0
kubernetes,kubernetes,kubernetes/kubernetes,pkg/kubelet/apis/config/validation/validation.go,dbd3f16787256f319f06e15d431f14e1fcaa8bd7,https://github.com/kubernetes/kubernetes/raw/d2b77a8133d89fe694a8604c8db891f2d2bc1a7c/pkg%2Fkubelet%2Fapis%2Fconfig%2Fvalidation%2Fvalidation.go,0,0.12485571202681177,0
kubernetes,kubernetes,kubernetes/kubernetes,pkg/apis/resource/zz_generated.deepcopy.go,b865748c1c721107e6457101ac55f7dbfa9d6212,https://github.com/kubernetes/kubernetes/raw/7a3a6cf4be719a2eaed14e48a701cbdd2f0e8400/pkg%2Fapis%2Fresource%2Fzz_generated.deepcopy.go,0,0.1242189016531975,0
kubernetes,kubernetes,kubernetes/kubernetes,staging/src/k8s.io/api/resource/v1beta2/generated.pb.go,b865748c1c721107e6457101ac55f7dbfa9d6212,https://github.com/kubernetes/kubernetes/raw/7a3a6cf4be719a2eaed14e48a701cbdd2f0e8400/staging%2Fsrc%2Fk8s.io%2Fapi%2Fresource%2Fv1beta2%2Fgenerated.pb.go,0,0.12362764842170655,0
kubernetes,kubernetes,kubernetes/kubernetes,staging/src/k8s.io/api/resource/v1beta1/generated.pb.go,b865748c1c721107e6457101ac55f7dbfa9d6212,https://github.com/kubernetes/kubernetes/raw/7a3a6cf4be719a2eaed14e48a701cbdd2f0e8400/staging%2Fsrc%2Fk8s.io%2Fapi%2Fresource%2Fv1beta1%2Fgenerated.pb.go,0,0.12362764842170655,0
kubernetes,kubernetes,kubernetes/kubernetes,pkg/kubelet/cm/qos_container_manager_linux_test.go,dbd3f16787256f319f06e15d431f14e1fcaa8bd7,https://github.com/kubernetes/kubernetes/raw/d2b77a8133d89fe694a8604c8db891f2d2bc1a7c/pkg%2Fkubelet%2Fcm%2Fqos_container_manager_linux_test.go,0,0.12319255235936856,0
kubernetes,kubernetes,kubernetes/kubernetes,pkg/kubelet/cm/qos_container_manager_linux.go,dbd3f16787256f319f06e15d431f14e1fcaa8bd7,https://github.com/kubernetes/kubernetes/raw/d2b77a8133d89fe694a8604c8db891f2d2bc1a7c/pkg%2Fkubelet%2Fcm%2Fqos_container_manager_linux.go,0,0.12199977650217533,0
kubernetes,kubernetes,kubernetes/kubernetes,staging/src/k8s.io/api/core/v1/zz_generated.model_name.go,b865748c1c721107e6457101ac55f7dbfa9d6212,https://github.com/kubernetes/kubernetes/raw/7a3a6cf4be719a2eaed14e48a701cbdd2f0e8400/staging%2Fsrc%2Fk8s.io%2Fapi%2Fcore%2Fv1%2Fzz_generated.model_name.go,0,0.12179636764078346,0
kubernetes,kubernetes,kubernetes/kubernetes,staging/src/k8s.io/api/resource/v1/zz_generated.deepcopy.go,b865748c1c721107e6457101ac55f7dbfa9d6212,https://github.com/kubernetes/kubernetes/raw/7a3a6cf4be719a2eaed14e48a701cbdd2f0e8400/staging%2Fsrc%2Fk8s.io%2Fapi%2Fresource%2Fv1%2Fzz_generated.deepcopy.go,0,0.12048591759482467,0
kubernetes,kubernetes,kubernetes/kubernetes,staging/src/k8s.io/client-go/applyconfigurations/core/v1/nodeallocatableresourceclaimstatus.go,b865748c1c721107e6457101ac55f7dbfa9d6212,https://github.com/kubernetes/kubernetes/raw/7a3a6cf4be719a2eaed14e48a701cbdd2f0e8400/staging%2Fsrc%2Fk8s.io%2Fclient-go%2Fapplyconfigurations%2Fcore%2Fv1%2Fnodeallocatableresourceclaimstatus.go,0,0.1190352284877061,0
kubernetes,kubernetes,kubernetes/kubernetes,pkg/apis/resource/v1beta1/zz_generated.conversion.go,b865748c1c721107e6457101ac55f7dbfa9d6212,https://github.com/kubernetes/kubernetes/raw/7a3a6cf4be719a2eaed14e48a701cbdd2f0e8400/pkg%2Fapis%2Fresource%2Fv1beta1%2Fzz_generated.conversion.go,0,0.11812435371985394,0
kubernetes,kubernetes,kubernetes/kubernetes,pkg/scheduler/framework/plugins/noderesources/fit_test.go,b865748c1c721107e6457101ac55f7dbfa9d6212,https://github.com/kubernetes/kubernetes/raw/7a3a6cf4be719a2eaed14e48a701cbdd2f0e8400/pkg%2Fscheduler%2Fframework%2Fplugins%2Fnoderesources%2Ffit_test.go,0,0.11794052004679105,0
kubernetes,kubernetes,kubernetes/kubernetes,pkg/apis/resource/v1beta2/zz_generated.conversion.go,b865748c1c721107e6457101ac55f7dbfa9d6212,https://github.com/kubernetes/kubernetes/raw/7a3a6cf4be719a2eaed14e48a701cbdd2f0e8400/pkg%2Fapis%2Fresource%2Fv1beta2%2Fzz_generated.conversion.go,0,0.117855732222564,0
kubernetes,kubernetes,kubernetes/kubernetes,pkg/scheduler/schedule_one.go,b865748c1c721107e6457101ac55f7dbfa9d6212,https://github.com/kubernetes/kubernetes/raw/7a3a6cf4be719a2eaed14e48a701cbdd2f0e8400/pkg%2Fscheduler%2Fschedule_one.go,0,0.11722252995696057,0
kubernetes,kubernetes,kubernetes/kubernetes,pkg/kubelet/cm/helpers_linux_test.go,dbd3f16787256f319f06e15d431f14e1fcaa8bd7,https://github.com/kubernetes/kubernetes/raw/d2b77a8133d89fe694a8604c8db891f2d2bc1a7c/pkg%2Fkubelet%2Fcm%2Fhelpers_linux_test.go,0,0.11653573789286087,0
kubernetes,kubernetes,kubernetes/kubernetes,staging/src/k8s.io/client-go/applyconfigurations/resource/v1beta1/nodeallocatableresourcemapping.go,b865748c1c721107e6457101ac55f7dbfa9d6212,https://github.com/kubernetes/kubernetes/raw/7a3a6cf4be719a2eaed14e48a701cbdd2f0e8400/staging%2Fsrc%2Fk8s.io%2Fclient-go%2Fapplyconfigurations%2Fresource%2Fv1beta1%2Fnodeallocatableresourcemapping.go,0,0.11643555755997546,0
kubernetes,kubernetes,kubernetes/kubernetes,staging/src/k8s.io/client-go/applyconfigurations/resource/v1beta2/nodeallocatableresourcemapping.go,b865748c1c721107e6457101ac55f7dbfa9d6212,https://github.com/kubernetes/kubernetes/raw/7a3a6cf4be719a2eaed14e48a701cbdd2f0e8400/staging%2Fsrc%2Fk8s.io%2Fclient-go%2Fapplyconfigurations%2Fresource%2Fv1beta2%2Fnodeallocatableresourcemapping.go,0,0.11643555755997546,0
kubernetes,kubernetes,kubernetes/kubernetes,staging/src/k8s.io/client-go/applyconfigurations/resource/v1/nodeallocatableresourcemapping.go,b865748c1c721107e6457101ac55f7dbfa9d6212,https://github.com/kubernetes/kubernetes/raw/7a3a6cf4be719a2eaed14e48a701cbdd2f0e8400/staging%2Fsrc%2Fk8s.io%2Fclient-go%2Fapplyconfigurations%2Fresource%2Fv1%2Fnodeallocatableresourcemapping.go,0,0.11643555755997546,0
kubernetes,kubernetes,kubernetes/kubernetes,pkg/apis/resource/v1beta1/conversion.go,b865748c1c721107e6457101ac55f7dbfa9d6212,https://github.com/kubernetes/kubernetes/raw/7a3a6cf4be719a2eaed14e48a701cbdd2f0e8400/pkg%2Fapis%2Fresource%2Fv1beta1%2Fconversion.go,0,0.11578821311668253,0
kubernetes,kubernetes,kubernetes/kubernetes,staging/src/k8s.io/api/core/v1/types_swagger_doc_generated.go,b865748c1c721107e6457101ac55f7dbfa9d6212,https://github.com/kubernetes/kubernetes/raw/7a3a6cf4be719a2eaed14e48a701cbdd2f0e8400/staging%2Fsrc%2Fk8s.io%2Fapi%2Fcore%2Fv1%2Ftypes_swagger_doc_generated.go,0,0.11546313488248146,0
kubernetes,kubernetes,kubernetes/kubernetes,pkg/apis/core/zz_generated.deepcopy.go,b865748c1c721107e6457101ac55f7dbfa9d6212,https://github.com/kubernetes/kubernetes/raw/7a3a6cf4be719a2eaed14e48a701cbdd2f0e8400/pkg%2Fapis%2Fcore%2Fzz_generated.deepcopy.go,0,0.11500883652140684,0
kubernetes,kubernetes,kubernetes/kubernetes,staging/src/k8s.io/api/resource/v1beta1/zz_generated.deepcopy.go,b865748c1c721107e6457101ac55f7dbfa9d6212,https://github.com/kubernetes/kubernetes/raw/7a3a6cf4be719a2eaed14e48a701cbdd2f0e8400/staging%2Fsrc%2Fk8s.io%2Fapi%2Fresource%2Fv1beta1%2Fzz_generated.deepcopy.go,0,0.11295298197550385,0
kubernetes,kubernetes,kubernetes/kubernetes,staging/src/k8s.io/api/resource/v1beta2/zz_generated.deepcopy.go,b865748c1c721107e6457101ac55f7dbfa9d6212,https://github.com/kubernetes/kubernetes/raw/7a3a6cf4be719a2eaed14e48a701cbdd2f0e8400/staging%2Fsrc%2Fk8s.io%2Fapi%2Fresource%2Fv1beta2%2Fzz_generated.deepcopy.go,0,0.11295298197550385,0
kubernetes,kubernetes,kubernetes/kubernetes,pkg/scheduler/framework/types_test.go,b865748c1c721107e6457101ac55f7dbfa9d6212,https://github.com/kubernetes/kubernetes/raw/7a3a6cf4be719a2eaed14e48a701cbdd2f0e8400/pkg%2Fscheduler%2Fframework%2Ftypes_test.go,0,0.11186208312615604,0
kubernetes,kubernetes,kubernetes/kubernetes,pkg/kubelet/kuberuntime/kuberuntime_container_linux_test.go,dbd3f16787256f319f06e15d431f14e1fcaa8bd7,https://github.com/kubernetes/kubernetes/raw/d2b77a8133d89fe694a8604c8db891f2d2bc1a7c/pkg%2Fkubelet%2Fkuberuntime%2Fkuberuntime_container_linux_test.go,0,0.11023993878935835,0
kubernetes,kubernetes,kubernetes/kubernetes,staging/src/k8s.io/dynamic-resource-allocation/api/v1beta1/conversion.go,b865748c1c721107e6457101ac55f7dbfa9d6212,https://github.com/kubernetes/kubernetes/raw/7a3a6cf4be719a2eaed14e48a701cbdd2f0e8400/staging%2Fsrc%2Fk8s.io%2Fdynamic-resource-allocation%2Fapi%2Fv1beta1%2Fconversion.go,0,0.10924099184212342,0
kubernetes,kubernetes,kubernetes/kubernetes,pkg/apis/core/validation/validation.go,b865748c1c721107e6457101ac55f7dbfa9d6212,https://github.com/kubernetes/kubernetes/raw/7a3a6cf4be719a2eaed14e48a701cbdd2f0e8400/pkg%2Fapis%2Fcore%2Fvalidation%2Fvalidation.go,0,0.10886550706841523,0
kubernetes,kubernetes,kubernetes/kubernetes,staging/src/k8s.io/client-go/applyconfigurations/resource/v1beta1/basicdevice.go,b865748c1c721107e6457101ac55f7dbfa9d6212,https://github.com/kubernetes/kubernetes/raw/7a3a6cf4be719a2eaed14e48a701cbdd2f0e8400/staging%2Fsrc%2Fk8s.io%2Fclient-go%2Fapplyconfigurations%2Fresource%2Fv1beta1%2Fbasicdevice.go,0,0.10775090172843724,0
kubernetes,kubernetes,kubernetes/kubernetes,staging/src/k8s.io/api/resource/v1beta2/types_swagger_doc_generated.go,b865748c1c721107e6457101ac55f7dbfa9d6212,https://github.com/kubernetes/kubernetes/raw/7a3a6cf4be719a2eaed14e48a701cbdd2f0e8400/staging%2Fsrc%2Fk8s.io%2Fapi%2Fresource%2Fv1beta2%2Ftypes_swagger_doc_generated.go,0,0.10687101270304827,0
kubernetes,kubernetes,kubernetes/kubernetes,staging/src/k8s.io/api/resource/v1beta1/types_swagger_doc_generated.go,b865748c1c721107e6457101ac55f7dbfa9d6212,https://github.com/kubernetes/kubernetes/raw/7a3a6cf4be719a2eaed14e48a701cbdd2f0e8400/staging%2Fsrc%2Fk8s.io%2Fapi%2Fresource%2Fv1beta1%2Ftypes_swagger_doc_generated.go,0,0.10687101270304827,0
kubernetes,kubernetes,kubernetes/kubernetes,staging/src/k8s.io/api/resource/v1/types_swagger_doc_generated.go,b865748c1c721107e6457101ac55f7dbfa9d6212,https://github.com/kubernetes/kubernetes/raw/7a3a6cf4be719a2eaed14e48a701cbdd2f0e8400/staging%2Fsrc%2Fk8s.io%2Fapi%2Fresource%2Fv1%2Ftypes_swagger_doc_generated.go,0,0.10624408954807976,0
kubernetes,kubernetes,kubernetes/kubernetes,staging/src/k8s.io/api/resource/v1/zz_generated.model_name.go,b865748c1c721107e6457101ac55f7dbfa9d6212,https://github.com/kubernetes/kubernetes/raw/7a3a6cf4be719a2eaed14e48a701cbdd2f0e8400/staging%2Fsrc%2Fk8s.io%2Fapi%2Fresource%2Fv1%2Fzz_generated.model_name.go,0,0.1037486711008569,0
kubernetes,kubernetes,kubernetes/kubernetes,staging/src/k8s.io/kube-scheduler/framework/types.go,b865748c1c721107e6457101ac55f7dbfa9d6212,https://github.com/kubernetes/kubernetes/raw/7a3a6cf4be719a2eaed14e48a701cbdd2f0e8400/staging%2Fsrc%2Fk8s.io%2Fkube-scheduler%2Fframework%2Ftypes.go,0,0.10293330821710729,0
kubernetes,kubernetes,kubernetes/kubernetes,staging/src/k8s.io/component-helpers/resource/helpers.go,b865748c1c721107e6457101ac55f7dbfa9d6212,https://github.com/kubernetes/kubernetes/raw/7a3a6cf4be719a2eaed14e48a701cbdd2f0e8400/staging%2Fsrc%2Fk8s.io%2Fcomponent-helpers%2Fresource%2Fhelpers.go,0,0.10279417629557239,0
kubernetes,kubernetes,kubernetes/kubernetes,pkg/apis/resource/validation/validation.go,b865748c1c721107e6457101ac55f7dbfa9d6212,https://github.com/kubernetes/kubernetes/raw/7a3a6cf4be719a2eaed14e48a701cbdd2f0e8400/pkg%2Fapis%2Fresource%2Fvalidation%2Fvalidation.go,0,0.1026607555842639,0
kubernetes,kubernetes,kubernetes/kubernetes,pkg/kubelet/cm/helpers_linux.go,dbd3f16787256f319f06e15d431f14e1fcaa8bd7,https://github.com/kubernetes/kubernetes/raw/d2b77a8133d89fe694a8604c8db891f2d2bc1a7c/pkg%2Fkubelet%2Fcm%2Fhelpers_linux.go,0,0.10252103655878439,0
kubernetes,kubernetes,kubernetes/kubernetes,pkg/kubelet/kuberuntime/kuberuntime_container_linux.go,dbd3f16787256f319f06e15d431f14e1fcaa8bd7,https://github.com/kubernetes/kubernetes/raw/d2b77a8133d89fe694a8604c8db891f2d2bc1a7c/pkg%2Fkubelet%2Fkuberuntime%2Fkuberuntime_container_linux.go,0,0.1019787407281652,0
kubernetes,kubernetes,kubernetes/kubernetes,staging/src/k8s.io/api/resource/v1beta1/zz_generated.model_name.go,b865748c1c721107e6457101ac55f7dbfa9d6212,https://github.com/kubernetes/kubernetes/raw/7a3a6cf4be719a2eaed14e48a701cbdd2f0e8400/staging%2Fsrc%2Fk8s.io%2Fapi%2Fresource%2Fv1beta1%2Fzz_generated.model_name.go,0,0.10122726325901218,0
kubernetes,kubernetes,kubernetes/kubernetes,staging/src/k8s.io/api/resource/v1beta2/zz_generated.model_name.go,b865748c1c721107e6457101ac55f7dbfa9d6212,https://github.com/kubernetes/kubernetes/raw/7a3a6cf4be719a2eaed14e48a701cbdd2f0e8400/staging%2Fsrc%2Fk8s.io%2Fapi%2Fresource%2Fv1beta2%2Fzz_generated.model_name.go,0,0.10122726325901218,0
kubernetes,kubernetes,kubernetes/kubernetes,staging/src/k8s.io/client-go/applyconfigurations/internal/internal.go,b865748c1c721107e6457101ac55f7dbfa9d6212,https://github.com/kubernetes/kubernetes/raw/7a3a6cf4be719a2eaed14e48a701cbdd2f0e8400/staging%2Fsrc%2Fk8s.io%2Fclient-go%2Fapplyconfigurations%2Finternal%2Finternal.go,0,0.09650807931327968,0
kubernetes,kubernetes,kubernetes/kubernetes,staging/src/k8s.io/api/resource/v1beta1/types.go,b865748c1c721107e6457101ac55f7dbfa9d6212,https://github.com/kubernetes/kubernetes/raw/7a3a6cf4be719a2eaed14e48a701cbdd2f0e8400/staging%2Fsrc%2Fk8s.io%2Fapi%2Fresource%2Fv1beta1%2Ftypes.go,0,0.09615268522439556,0
kubernetes,kubernetes,kubernetes/kubernetes,staging/src/k8s.io/api/resource/v1beta2/types.go,b865748c1c721107e6457101ac55f7dbfa9d6212,https://github.com/kubernetes/kubernetes/raw/7a3a6cf4be719a2eaed14e48a701cbdd2f0e8400/staging%2Fsrc%2Fk8s.io%2Fapi%2Fresource%2Fv1beta2%2Ftypes.go,0,0.09615268522439556,0
kubernetes,kubernetes,kubernetes/kubernetes,pkg/apis/resource/v1/zz_generated.defaults.go,b865748c1c721107e6457101ac55f7dbfa9d6212,https://github.com/kubernetes/kubernetes/raw/7a3a6cf4be719a2eaed14e48a701cbdd2f0e8400/pkg%2Fapis%2Fresource%2Fv1%2Fzz_generated.defaults.go,0,0.0959305356411931,0
kubernetes,kubernetes,kubernetes/kubernetes,pkg/scheduler/framework/plugins/feature/feature.go,b865748c1c721107e6457101ac55f7dbfa9d6212,https://github.com/kubernetes/kubernetes/raw/7a3a6cf4be719a2eaed14e48a701cbdd2f0e8400/pkg%2Fscheduler%2Fframework%2Fplugins%2Ffeature%2Ffeature.go,0,0.09367573322908118,0
kubernetes,kubernetes,kubernetes/kubernetes,pkg/registry/resource/resourceslice/strategy.go,b865748c1c721107e6457101ac55f7dbfa9d6212,https://github.com/kubernetes/kubernetes/raw/7a3a6cf4be719a2eaed14e48a701cbdd2f0e8400/pkg%2Fregistry%2Fresource%2Fresourceslice%2Fstrategy.go,0,0.09329155222733913,0
kubernetes,kubernetes,kubernetes/kubernetes,staging/src/k8s.io/api/resource/v1/types.go,b865748c1c721107e6457101ac55f7dbfa9d6212,https://github.com/kubernetes/kubernetes/raw/7a3a6cf4be719a2eaed14e48a701cbdd2f0e8400/staging%2Fsrc%2Fk8s.io%2Fapi%2Fresource%2Fv1%2Ftypes.go,0,0.09307405803278636,0
kubernetes,kubernetes,kubernetes/kubernetes,pkg/apis/resource/v1/zz_generated.validations.go,b865748c1c721107e6457101ac55f7dbfa9d6212,https://github.com/kubernetes/kubernetes/raw/7a3a6cf4be719a2eaed14e48a701cbdd2f0e8400/pkg%2Fapis%2Fresource%2Fv1%2Fzz_generated.validations.go,0,0.09266683578684501,0
kubernetes,kubernetes,kubernetes/kubernetes,pkg/apis/resource/v1beta1/zz_generated.defaults.go,b865748c1c721107e6457101ac55f7dbfa9d6212,https://github.com/kubernetes/kubernetes/raw/7a3a6cf4be719a2eaed14e48a701cbdd2f0e8400/pkg%2Fapis%2Fresource%2Fv1beta1%2Fzz_generated.defaults.go,0,0.09194086667161935,0
kubernetes,kubernetes,kubernetes/kubernetes,test/integration/dra/helpers.go,b865748c1c721107e6457101ac55f7dbfa9d6212,https://github.com/kubernetes/kubernetes/raw/7a3a6cf4be719a2eaed14e48a701cbdd2f0e8400/test%2Fintegration%2Fdra%2Fhelpers.go,0,0.09146821268699085,0
kubernetes,kubernetes,kubernetes/kubernetes,staging/src/k8s.io/dynamic-resource-allocation/api/zz_generated.conversion.go,b865748c1c721107e6457101ac55f7dbfa9d6212,https://github.com/kubernetes/kubernetes/raw/7a3a6cf4be719a2eaed14e48a701cbdd2f0e8400/staging%2Fsrc%2Fk8s.io%2Fdynamic-resource-allocation%2Fapi%2Fzz_generated.conversion.go,0,0.09052293305327876,0
kubernetes,kubernetes,kubernetes/kubernetes,pkg/apis/resource/v1beta2/zz_generated.defaults.go,b865748c1c721107e6457101ac55f7dbfa9d6212,https://github.com/kubernetes/kubernetes/raw/7a3a6cf4be719a2eaed14e48a701cbdd2f0e8400/pkg%2Fapis%2Fresource%2Fv1beta2%2Fzz_generated.defaults.go,0,0.09031216315694214,0
kubernetes,kubernetes,kubernetes/kubernetes,staging/src/k8s.io/client-go/applyconfigurations/core/v1/podstatus.go,b865748c1c721107e6457101ac55f7dbfa9d6212,https://github.com/kubernetes/kubernetes/raw/7a3a6cf4be719a2eaed14e48a701cbdd2f0e8400/staging%2Fsrc%2Fk8s.io%2Fclient-go%2Fapplyconfigurations%2Fcore%2Fv1%2Fpodstatus.go,0,0.08976650850705788,0
kubernetes,kubernetes,kubernetes/kubernetes,pkg/apis/resource/v1beta1/zz_generated.validations.go,b865748c1c721107e6457101ac55f7dbfa9d6212,https://github.com/kubernetes/kubernetes/raw/7a3a6cf4be719a2eaed14e48a701cbdd2f0e8400/pkg%2Fapis%2Fresource%2Fv1beta1%2Fzz_generated.validations.go,0,0.08931566239116788,0
kubernetes,kubernetes,kubernetes/kubernetes,staging/src/k8s.io/client-go/applyconfigurations/utils.go,b865748c1c721107e6457101ac55f7dbfa9d6212,https://github.com/kubernetes/kubernetes/raw/7a3a6cf4be719a2eaed14e48a701cbdd2f0e8400/staging%2Fsrc%2Fk8s.io%2Fclient-go%2Fapplyconfigurations%2Futils.go,0,0.08812356107347463,0
kubernetes,kubernetes,kubernetes/kubernetes,pkg/apis/resource/v1beta2/zz_generated.validations.go,b865748c1c721107e6457101ac55f7dbfa9d6212,https://github.com/kubernetes/kubernetes/raw/7a3a6cf4be719a2eaed14e48a701cbdd2f0e8400/pkg%2Fapis%2Fresource%2Fv1beta2%2Fzz_generated.validations.go,0,0.08768695887649068,0
kubernetes,kubernetes,kubernetes/kubernetes,pkg/api/pod/util_test.go,b865748c1c721107e6457101ac55f7dbfa9d6212,https://github.com/kubernetes/kubernetes/raw/7a3a6cf4be719a2eaed14e48a701cbdd2f0e8400/pkg%2Fapi%2Fpod%2Futil_test.go,0,0.08680723582453159,0
kubernetes,kubernetes,kubernetes/kubernetes,staging/src/k8s.io/client-go/applyconfigurations/resource/v1beta2/device.go,b865748c1c721107e6457101ac55f7dbfa9d6212,https://github.com/kubernetes/kubernetes/raw/7a3a6cf4be719a2eaed14e48a701cbdd2f0e8400/staging%2Fsrc%2Fk8s.io%2Fclient-go%2Fapplyconfigurations%2Fresource%2Fv1beta2%2Fdevice.go,0,0.0820879782441231,0
kubernetes,kubernetes,kubernetes/kubernetes,staging/src/k8s.io/client-go/applyconfigurations/resource/v1/device.go,b865748c1c721107e6457101ac55f7dbfa9d6212,https://github.com/kubernetes/kubernetes/raw/7a3a6cf4be719a2eaed14e48a701cbdd2f0e8400/staging%2Fsrc%2Fk8s.io%2Fclient-go%2Fapplyconfigurations%2Fresource%2Fv1%2Fdevice.go,0,0.0820879782441231,0
kubernetes,kubernetes,kubernetes/kubernetes,pkg/scheduler/eventhandlers.go,b865748c1c721107e6457101ac55f7dbfa9d6212,https://github.com/kubernetes/kubernetes/raw/7a3a6cf4be719a2eaed14e48a701cbdd2f0e8400/pkg%2Fscheduler%2Feventhandlers.go,0,0.08151566023057173,0
kubernetes,kubernetes,kubernetes/kubernetes,test/e2e/node/pod_admission.go,b865748c1c721107e6457101ac55f7dbfa9d6212,https://github.com/kubernetes/kubernetes/raw/7a3a6cf4be719a2eaed14e48a701cbdd2f0e8400/test%2Fe2e%2Fnode%2Fpod_admission.go,0,0.08128809295565365,0
kubernetes,kubernetes,kubernetes/kubernetes,test/integration/dra/dra.go,b865748c1c721107e6457101ac55f7dbfa9d6212,https://github.com/kubernetes/kubernetes/raw/7a3a6cf4be719a2eaed14e48a701cbdd2f0e8400/test%2Fintegration%2Fdra%2Fdra.go,0,0.08123270676974592,0
kubernetes,kubernetes,kubernetes/kubernetes,pkg/apis/resource/v1beta1/defaults.go,b865748c1c721107e6457101ac55f7dbfa9d6212,https://github.com/kubernetes/kubernetes/raw/7a3a6cf4be719a2eaed14e48a701cbdd2f0e8400/pkg%2Fapis%2Fresource%2Fv1beta1%2Fdefaults.go,0,0.07725508162015952,0
kubernetes,kubernetes,kubernetes/kubernetes,pkg/scheduler/framework/plugins/noderesources/fit.go,b865748c1c721107e6457101ac55f7dbfa9d6212,https://github.com/kubernetes/kubernetes/raw/7a3a6cf4be719a2eaed14e48a701cbdd2f0e8400/pkg%2Fscheduler%2Fframework%2Fplugins%2Fnoderesources%2Ffit.go,0,0.07124838077461591,0
kubernetes,kubernetes,kubernetes/kubernetes,pkg/apis/resource/v1beta2/defaults.go,b865748c1c721107e6457101ac55f7dbfa9d6212,https://github.com/kubernetes/kubernetes/raw/7a3a6cf4be719a2eaed14e48a701cbdd2f0e8400/pkg%2Fapis%2Fresource%2Fv1beta2%2Fdefaults.go,0,0.06860467609544814,0
kubernetes,kubernetes,kubernetes/kubernetes,staging/src/k8s.io/dynamic-resource-allocation/api/types.go,b865748c1c721107e6457101ac55f7dbfa9d6212,https://github.com/kubernetes/kubernetes/raw/7a3a6cf4be719a2eaed14e48a701cbdd2f0e8400/staging%2Fsrc%2Fk8s.io%2Fdynamic-resource-allocation%2Fapi%2Ftypes.go,0,0.06697320917414115,0
kubernetes,kubernetes,kubernetes/kubernetes,pkg/scheduler/framework/types.go,b865748c1c721107e6457101ac55f7dbfa9d6212,https://github.com/kubernetes/kubernetes/raw/7a3a6cf4be719a2eaed14e48a701cbdd2f0e8400/pkg%2Fscheduler%2Fframework%2Ftypes.go,0,0.06402185802951625,0
kubernetes,kubernetes,kubernetes/kubernetes,pkg/api/pod/util.go,b865748c1c721107e6457101ac55f7dbfa9d6212,https://github.com/kubernetes/kubernetes/raw/7a3a6cf4be719a2eaed14e48a701cbdd2f0e8400/pkg%2Fapi%2Fpod%2Futil.go,0,0.06326160664938263,0
kubernetes,kubernetes,kubernetes/kubernetes,pkg/apis/resource/types.go,b865748c1c721107e6457101ac55f7dbfa9d6212,https://github.com/kubernetes/kubernetes/raw/7a3a6cf4be719a2eaed14e48a701cbdd2f0e8400/pkg%2Fapis%2Fresource%2Ftypes.go,0,0.05248983520350346,0
kubernetes,kubernetes,kubernetes/kubernetes,pkg/apis/resource/v1/defaults.go,b865748c1c721107e6457101ac55f7dbfa9d6212,https://github.com/kubernetes/kubernetes/raw/7a3a6cf4be719a2eaed14e48a701cbdd2f0e8400/pkg%2Fapis%2Fresource%2Fv1%2Fdefaults.go,0,0.052269970830286505,0
kubernetes,kubernetes,kubernetes/kubernetes,test/integration/dra/core.go,b865748c1c721107e6457101ac55f7dbfa9d6212,https://github.com/kubernetes/kubernetes/raw/7a3a6cf4be719a2eaed14e48a701cbdd2f0e8400/test%2Fintegration%2Fdra%2Fcore.go,0,0.031169933796711225,0
